QUESTION_ID	GROUP_KEY	category	Continent	Urban_Rural	Education	n_options	baseline_w1	baseline_top_hit	baseline_entropy	split	corrected_w1	corrected_top_hit	corrected_entropy	model_dist_json	human_dist_json	corrected_dist_json
Q1	Africa | Rural | Primary or No Education	Social Values, Norms, Stereotypes	Africa	Rural	Primary or No Education	4	0.16	1	0.9179274252449618	calibration	0.16	1	0.9179274252449618	[0.65, 0.25, 0.07, 0.03]	[1.0, 0.0, 0.0, 0.0]	[0.65, 0.25, 0.07, 0.03]
Q1	Asia | Urban | Upper to Post Secondary	Social Values, Norms, Stereotypes	Asia	Urban	Upper to Post Secondary	4	0.2666666666666668	1	1.161120818283116	calibration	0.2666666666666668	1	1.161120818283116	[0.45, 0.35, 0.15, 0.05]	[1.0, 0.0, 0.0, 0.0]	[0.45, 0.35, 0.15, 0.05]
Q1	Europe | Rural | Lower Secondary	Social Values, Norms, Stereotypes	Europe	Rural	Lower Secondary	4	0.2666666666666668	1	1.161120818283116	calibration	0.2666666666666668	1	1.161120818283116	[0.45, 0.35, 0.15, 0.05]	[1.0, 0.0, 0.0, 0.0]	[0.45, 0.35, 0.15, 0.05]
Q1	Europe | Urban | Tertiary	Social Values, Norms, Stereotypes	Europe	Urban	Tertiary	4	0.20000000000000007	1	1.161120818283116	calibration	0.20000000000000007	1	1.161120818283116	[0.45, 0.35, 0.15, 0.05]	[0.8, 0.2, 0.0, 0.0]	[0.45, 0.35, 0.15, 0.05]
Q1	North America | Urban | Tertiary	Social Values, Norms, Stereotypes	North America	Urban	Tertiary	4	0.2666666666666668	1	1.161120818283116	calibration	0.2666666666666668	1	1.161120818283116	[0.45, 0.35, 0.15, 0.05]	[1.0, 0.0, 0.0, 0.0]	[0.45, 0.35, 0.15, 0.05]
Q1	South America | Urban | Lower Secondary	Social Values, Norms, Stereotypes	South America	Urban	Lower Secondary	4	0.2666666666666668	1	1.161120818283116	calibration	0.2666666666666668	1	1.161120818283116	[0.45, 0.35, 0.15, 0.05]	[1.0, 0.0, 0.0, 0.0]	[0.45, 0.35, 0.15, 0.05]
Q106	Africa | Rural | Primary or No Education	Economic Values	Africa	Rural	Primary or No Education	10	0.2522222222222222	0	2.1015732903467836	calibration	0.1783465109073539	0	2.0454320590170814	[0.22000000000000003, 0.18, 0.15, 0.12, 0.09, 0.08, 0.06, 0.05, 0.03, 0.02]	[0.2, 0.0, 0.0, 0.0, 0.4, 0.0, 0.0, 0.0, 0.2, 0.2]	[0.28800724454725907, 0.067374765239254, 0.07437642971441555, 0.10172422916775346, 0.1855463792445595, 0.02679836115402817, 0.04709166782261483, 0.07112511730357546, 0.024624313405486334, 0.11333149240105364]
Q106	Asia | Urban | Upper to Post Secondary	Economic Values	Asia	Urban	Upper to Post Secondary	10	0.2288888888888889	0	2.2467988990896077	calibration	0.17468538570668415	0	2.0759816333649543	[0.05, 0.06, 0.08, 0.1, 0.12, 0.14, 0.15, 0.13, 0.1, 0.07]	[0.0, 0.0, 0.0, 0.0, 0.0, 0.2, 0.0, 0.6, 0.0, 0.2]	[0.06108572511610142, 0.019651034501791155, 0.03244446266639108, 0.10973359974070046, 0.18281860444955228, 0.06325221257884506, 0.06337529793297944, 0.1950642556658924, 0.057979674892876594, 0.2145951324548701]
Q106	Europe | Rural | Lower Secondary	Economic Values	Europe	Rural	Lower Secondary	10	0.2144444444444445	0	2.2597711590455747	calibration	0.14946722731365675	0	2.171209981105652	[0.12, 0.14, 0.13, 0.12, 0.11000000000000001, 0.1, 0.09, 0.08, 0.06, 0.05]	[0.2, 0.2, 0.0, 0.0, 0.0, 0.0, 0.0, 0.2, 0.0, 0.4]	[0.1821708387999906, 0.06982617290957042, 0.06403950215296338, 0.10195781780665704, 0.16173244728716357, 0.04155909148494185, 0.046944074259110485, 0.11066509506559465, 0.05038240489579238, 0.17072255533821576]
Q106	Europe | Urban | Tertiary	Economic Values	Europe	Urban	Tertiary	10	0.15	0	2.209762012815997	calibration	0.09363160105583494	0	2.0989150564597234	[0.05, 0.06, 0.08, 0.12, 0.15, 0.18, 0.14, 0.1, 0.07, 0.05]	[0.0, 0.0, 0.0, 0.4, 0.0, 0.0, 0.0, 0.4, 0.0, 0.2]	[0.06662495826064288, 0.031062606723749053, 0.03444744578974006, 0.12678368246232583, 0.19314905276710295, 0.048158406958709536, 0.07877199556697226, 0.15988243423871018, 0.04837531323936269, 0.2127441039926846]
Q106	North America | Urban | Tertiary	Economic Values	North America	Urban	Tertiary	10	0.15	0	2.209762012815997	calibration	0.186883268853652	1	2.1182755075051576	[0.05, 0.06, 0.08, 0.12, 0.15, 0.18, 0.14, 0.1, 0.07, 0.05]	[0.0, 0.0, 0.0, 0.2, 0.6, 0.0, 0.2, 0.0, 0.0, 0.0]	[0.09499819958673171, 0.032133257311357556, 0.03399150562337453, 0.13737359756903555, 0.23684311869623978, 0.0607853273288357, 0.07211949799275724, 0.10583963171734324, 0.05192229875191985, 0.17399356542240485]
Q106	South America | Urban | Lower Secondary	Economic Values	South America	Urban	Lower Secondary	10	0.22666666666666657	0	2.235424232859281	calibration	0.11299337069670748	0	2.139489667671045	[0.11999999999999997, 0.13999999999999999, 0.15999999999999998, 0.12999999999999998, 0.10999999999999999, 0.08999999999999998, 0.07999999999999999, 0.06999999999999999, 0.04999999999999999, 0.04999999999999999]	[0.0, 0.0, 0.0, 0.2, 0.4, 0.0, 0.0, 0.0, 0.2, 0.2]	[0.1229791273093549, 0.07452607106678347, 0.06813686568459369, 0.11927291918103698, 0.17590116422520752, 0.03407234379105686, 0.04530239918506889, 0.10127328472142277, 0.03858728843571946, 0.21994853639975562]
Q107	Africa | Rural | Primary or No Education	Economic Values	Africa	Rural	Primary or No Education	10	0.3166666666666667	0	2.2719596329085636	dev	0.1823950244678926	1	2.055781538776796	[0.12, 0.11000000000000001, 0.1, 0.09, 0.08, 0.07, 0.13, 0.14, 0.1, 0.06]	[0.0, 0.0, 0.0, 0.0, 0.2, 0.0, 0.2, 0.0, 0.2, 0.4]	[0.12712179574959606, 0.03331773631780925, 0.04012380488616317, 0.06173674282791776, 0.13346211511234168, 0.01897467432321833, 0.08256466357533765, 0.16115325014441007, 0.06642031288213131, 0.27512490418107466]
Q107	Asia | Urban | Upper to Post Secondary	Economic Values	Asia	Urban	Upper to Post Secondary	10	0.1666666666666666	0	2.193233702276771	dev	0.19382019625796515	0	2.0723627191464082	[0.08888888888888885, 0.11111111111111117, 0.1333333333333334, 0.15555555555555559, 0.1444444444444445, 0.12222222222222227, 0.09999999999999995, 0.07777777777777774, 0.05555555555555552, 0.011111111111111106]	[0.0, 0.0, 0.6, 0.0, 0.4, 0.0, 0.0, 0.0, 0.0, 0.0]	[0.1247856573314044, 0.04181567605892262, 0.062135071137143574, 0.19614291113576865, 0.2528642602165037, 0.0634520015595678, 0.04854854507401045, 0.13410264304169764, 0.03701269726692284, 0.03914053717805842]
Q107	Europe | Rural | Lower Secondary	Economic Values	Europe	Rural	Lower Secondary	10	0.13	0	2.256083137942296	dev	0.17811708624075587	1	2.192847634872578	[0.08, 0.1, 0.12, 0.14, 0.13, 0.12, 0.11000000000000001, 0.09, 0.07, 0.04]	[0.2, 0.0, 0.2, 0.0, 0.4, 0.2, 0.0, 0.0, 0.0, 0.0]	[0.12551020019233677, 0.0515444164445256, 0.061091004208710165, 0.12293024429524653, 0.19753281311568377, 0.05153932356903946, 0.05929558774434416, 0.1286632766123536, 0.06074591900119498, 0.14114721481656498]
Q107	Europe | Urban | Tertiary	Economic Values	Europe	Urban	Tertiary	10	0.1833333333333333	0	2.1953680053448172	dev	0.11818213153156926	0	2.102830296391492	[0.04999999999999999, 0.06999999999999999, 0.09999999999999998, 0.12999999999999998, 0.17999999999999997, 0.16999999999999998, 0.11999999999999997, 0.07999999999999999, 0.059999999999999984, 0.039999999999999994]	[0.0, 0.0, 0.0, 0.0, 0.2, 0.4, 0.0, 0.2, 0.0, 0.2]	[0.06885450827335947, 0.03745244017764126, 0.04450025191473328, 0.1419452614957186, 0.23953515437352638, 0.04700498947804003, 0.06977831682737144, 0.1321862158380633, 0.042852131770226426, 0.1758907298513199]
Q107	North America | Urban | Tertiary	Economic Values	North America	Urban	Tertiary	10	0.15666666666666668	0	2.2224029316638263	dev	0.1635569042979007	0	2.106150996670897	[0.08, 0.1, 0.12, 0.14, 0.16, 0.13, 0.1, 0.09, 0.05, 0.03]	[0.4, 0.0, 0.2, 0.0, 0.2, 0.0, 0.0, 0.2, 0.0, 0.0]	[0.1517550292294663, 0.053470129606585495, 0.050906049587016666, 0.16001393188234625, 0.25223028476261644, 0.043830592591823474, 0.051431879449505724, 0.09510395214920354, 0.0370282861705187, 0.1042298645709175]
Q107	South America | Urban | Lower Secondary	Economic Values	South America	Urban	Lower Secondary	10	0.08333333333333334	0	2.256083137942296	dev	0.11332445761990265	0	2.156474252888537	[0.08, 0.1, 0.12, 0.14, 0.13, 0.12, 0.11000000000000001, 0.09, 0.07, 0.04]	[0.2, 0.0, 0.2, 0.0, 0.2, 0.0, 0.0, 0.4, 0.0, 0.0]	[0.08276718130018729, 0.05374006755569184, 0.05158951355055331, 0.12967150441451636, 0.2098637352998776, 0.04586260965704858, 0.06288425471447938, 0.1314490292095274, 0.05453688322731836, 0.17763522107079988]
Q108	Africa | Rural | Primary or No Education	Economic Values	Africa	Rural	Primary or No Education	10	0.0722222222222222	1	2.209762012815997	test	0.19950410020682902	0	1.6674831793340634	[0.18, 0.15, 0.12, 0.1, 0.08, 0.07, 0.06, 0.05, 0.05, 0.14]	[0.2, 0.2, 0.0, 0.0, 0.2, 0.0, 0.0, 0.2, 0.0, 0.2]	[0.14942292026727444, 0.03560245960073082, 0.03773021652484884, 0.05375354921831157, 0.10458368615463072, 0.014868949009502757, 0.02986125494134772, 0.04510108388039244, 0.026024168547418864, 0.5030517118555418]
Q108	Asia | Urban | Upper to Post Secondary	Economic Values	Asia	Urban	Upper to Post Secondary	10	0.08888888888888892	0	2.2467988990896077	test	0.13357460091611964	0	2.0759816333649543	[0.05, 0.06, 0.08, 0.1, 0.12, 0.14, 0.15, 0.13, 0.1, 0.07]	[0.2, 0.0, 0.0, 0.2, 0.2, 0.0, 0.0, 0.2, 0.2, 0.0]	[0.06108572511610142, 0.019651034501791155, 0.03244446266639108, 0.10973359974070046, 0.18281860444955228, 0.06325221257884506, 0.06337529793297944, 0.1950642556658924, 0.057979674892876594, 0.2145951324548701]
Q108	Europe | Rural | Lower Secondary	Economic Values	Europe	Rural	Lower Secondary	10	0.15333333333333332	0	2.2645729874738025	test	0.14149183900890452	0	2.1777090812562405	[0.08, 0.1, 0.12, 0.14, 0.13, 0.12, 0.1, 0.09, 0.07, 0.05]	[0.4, 0.0, 0.0, 0.0, 0.0, 0.0, 0.4, 0.0, 0.0, 0.2]	[0.12186683330450565, 0.050048161798777455, 0.059317626893262636, 0.11936176953469364, 0.1917987412277978, 0.05004321676158559, 0.05234029871863378, 0.12492838079535266, 0.05898255897531129, 0.1713124119900796]
Q108	Europe | Urban | Tertiary	Economic Values	Europe	Urban	Tertiary	10	0.15	0	2.209762012815997	test	0.11965151250588635	1	2.0989150564597234	[0.05, 0.06, 0.08, 0.12, 0.15, 0.18, 0.14, 0.1, 0.07, 0.05]	[0.0, 0.2, 0.2, 0.0, 0.0, 0.2, 0.0, 0.0, 0.0, 0.4]	[0.06662495826064288, 0.031062606723749053, 0.03444744578974006, 0.12678368246232583, 0.19314905276710295, 0.048158406958709536, 0.07877199556697226, 0.15988243423871018, 0.04837531323936269, 0.2127441039926846]
Q108	North America | Urban | Tertiary	Economic Values	North America	Urban	Tertiary	10	0.10666666666666667	0	2.2467988990896077	test	0.08333616375491981	0	2.115176548370055	[0.05, 0.06, 0.08, 0.1, 0.12, 0.14, 0.15, 0.13, 0.1, 0.07]	[0.0, 0.0, 0.0, 0.2, 0.2, 0.2, 0.0, 0.0, 0.2, 0.2]	[0.09090901671521807, 0.030750086198903175, 0.03252834649849912, 0.109550310180978, 0.18131859450058946, 0.04524242510269228, 0.07394477711575964, 0.1316689153901486, 0.07098187342594792, 0.23310565487126372]
Q108	South America | Urban | Lower Secondary	Economic Values	South America	Urban	Lower Secondary	10	0.2530864197530865	0	2.193233702276771	test	0.21468761446123275	0	2.1312491958361433	[0.08888888888888885, 0.11111111111111117, 0.1333333333333334, 0.15555555555555559, 0.1444444444444445, 0.12222222222222227, 0.09999999999999995, 0.07777777777777774, 0.05555555555555552, 0.011111111111111106]	[0.0, 0.2, 0.0, 0.0, 0.0, 0.2, 0.0, 0.2, 0.2, 0.2]	[0.10259648170833348, 0.06661507340675467, 0.06394929125512205, 0.16073810804918537, 0.2601427346165735, 0.05211281161149575, 0.06377728761663938, 0.12673227072095902, 0.04828770685057943, 0.055048234164357286]
Q112	Africa | Rural | Primary or No Education	Perceptions of Corruption	Africa	Rural	Primary or No Education	10	0.38777777777777783	0	2.085149415925284	calibration	0.22069240797887313	1	1.699047387298282	[0.02, 0.03, 0.05, 0.08, 0.1, 0.15, 0.2, 0.22000000000000003, 0.1, 0.05]	[0.0, 0.0, 0.0, 0.0, 0.0, 0.0, 0.0, 0.0, 0.0, 1.0]	[0.027348390882446345, 0.005250871974890269, 0.03669832152432379, 0.04120142408697071, 0.09725776171978193, 0.02942761886297546, 0.08588815791717273, 0.1404857576855953, 0.0513571097031074, 0.48508458564273604]
Q112	Asia | Urban | Upper to Post Secondary	Perceptions of Corruption	Asia	Urban	Upper to Post Secondary	10	0.11666666666666672	0	2.121239735755482	calibration	0.1655990120850726	0	1.776729952804957	[0.020000000000000004, 0.030000000000000006, 0.05000000000000002, 0.08000000000000002, 0.12000000000000002, 0.18000000000000002, 0.20000000000000007, 0.15000000000000002, 0.10000000000000003, 0.07000000000000002]	[0.0, 0.0, 0.2, 0.2, 0.0, 0.2, 0.0, 0.0, 0.2, 0.2]	[0.0319710127726583, 0.005755412492873211, 0.03760004371307397, 0.06681043655275269, 0.10803644949094376, 0.05966249675086167, 0.05791683747775036, 0.1265662303350823, 0.04544321954420122, 0.46023786086980245]
Q112	Europe | Rural | Lower Secondary	Perceptions of Corruption	Europe	Rural	Lower Secondary	10	0.06111111111111115	0	2.121239735755482	calibration	0.16375776961782382	0	1.7673044872944483	[0.020000000000000004, 0.030000000000000006, 0.05000000000000002, 0.08000000000000002, 0.12000000000000002, 0.18000000000000002, 0.20000000000000007, 0.15000000000000002, 0.10000000000000003, 0.07000000000000002]	[0.0, 0.0, 0.2, 0.0, 0.0, 0.2, 0.2, 0.2, 0.2, 0.0]	[0.03707112382824385, 0.008178694128534628, 0.04261807417141978, 0.0482720168360124, 0.09729423508576253, 0.051211943512904, 0.0667215043162184, 0.10888189037625931, 0.06141471422948993, 0.4783358035151552]
Q112	Europe | Urban | Tertiary	Perceptions of Corruption	Europe	Urban	Tertiary	10	0.2522222222222223	0	2.096098665539617	calibration	0.10614920338570258	1	1.7930288311301144	[0.020000000000000004, 0.030000000000000002, 0.05000000000000001, 0.08000000000000002, 0.12000000000000001, 0.18000000000000002, 0.22000000000000006, 0.15000000000000002, 0.10000000000000002, 0.05000000000000001]	[0.0, 0.0, 0.2, 0.0, 0.0, 0.0, 0.0, 0.0, 0.2, 0.6]	[0.03469683685765143, 0.009052430701020957, 0.03972291060329534, 0.06400635158250208, 0.09085916827132154, 0.035155203679820966, 0.08442068181070934, 0.13419011594348998, 0.0538958518440884, 0.4540004487061]
Q112	North America | Urban | Tertiary	Perceptions of Corruption	North America	Urban	Tertiary	10	0.1855555555555556	0	2.096098665539617	calibration	0.08428811567375906	1	1.9105775189809373	[0.020000000000000004, 0.030000000000000002, 0.05000000000000001, 0.08000000000000002, 0.12000000000000001, 0.18000000000000002, 0.22000000000000006, 0.15000000000000002, 0.10000000000000002, 0.05000000000000001]	[0.0, 0.0, 0.0, 0.2, 0.0, 0.2, 0.0, 0.0, 0.0, 0.6]	[0.05386577701819264, 0.010195926183768847, 0.042677508695142266, 0.07551054468187296, 0.12130579983236958, 0.048312652937961074, 0.08415391458646869, 0.09671920465064558, 0.0629839773548922, 0.40427469405868616]
Q112	South America | Urban | Lower Secondary	Perceptions of Corruption	South America	Urban	Lower Secondary	10	0.2777777777777778	0	2.1161267301605564	calibration	0.10201455762429654	1	1.6121403995753747	[0.02, 0.03, 0.05, 0.07, 0.1, 0.13, 0.18, 0.2, 0.15, 0.07]	[0.0, 0.0, 0.0, 0.0, 0.0, 0.0, 0.2, 0.0, 0.2, 0.6]	[0.021647983001570146, 0.007550976012361359, 0.031869887679652896, 0.03945407313893502, 0.07627927472143518, 0.02914504277575748, 0.05639367823848468, 0.13134081536642767, 0.07323850075595112, 0.5330797683094244]
Q113	Africa | Rural | Primary or No Education	Perceptions of Corruption	Africa	Rural	Primary or No Education	4	0.2333333333333333	0	1.161120818283116	dev	0.21264506858074736	0	1.1740868405380558	[0.05, 0.15, 0.35, 0.45]	[0.0, 0.4, 0.6, 0.0]	[0.03883834595929713, 0.19703054783940596, 0.329165352619649, 0.43496575358164785]
Q113	Asia | Urban | Upper to Post Secondary	Perceptions of Corruption	Asia	Urban	Upper to Post Secondary	4	0.1433333333333333	0	1.241068446301181	dev	0.12949849745099287	0	1.2705951187445517	[0.08, 0.22000000000000003, 0.45, 0.25]	[0.0, 0.6, 0.2, 0.2]	[0.06932675478741064, 0.2964029056937136, 0.3493719414721836, 0.2848983980466922]
Q113	Europe | Rural | Lower Secondary	Perceptions of Corruption	Europe	Rural	Lower Secondary	4	0.20999999999999996	0	1.241068446301181	dev	0.2348162511039835	0	1.2650339344623496	[0.08, 0.22000000000000003, 0.45, 0.25]	[0.0, 0.6, 0.4, 0.0]	[0.06959278784119459, 0.2688658523929745, 0.2882267540609059, 0.373314605704925]
Q113	Europe | Urban | Tertiary	Perceptions of Corruption	Europe	Urban	Tertiary	4	0.14333333333333334	1	1.241068446301181	dev	0.10767809158991866	1	1.233615114707938	[0.08, 0.22000000000000003, 0.45, 0.25]	[0.0, 0.4, 0.6, 0.0]	[0.06337411500829619, 0.29770077076408885, 0.4181900686937702, 0.22073504553384474]
Q113	North America | Urban | Tertiary	Perceptions of Corruption	North America	Urban	Tertiary	4	0.20999999999999996	0	1.241068446301181	dev	0.1800380563162489	0	1.2482190349571747	[0.08, 0.22000000000000003, 0.45, 0.25]	[0.0, 0.6, 0.4, 0.0]	[0.06611993363462124, 0.2973181606365449, 0.39912957614354233, 0.23743232958529137]
Q113	South America | Urban | Lower Secondary	Perceptions of Corruption	South America	Urban	Lower Secondary	4	0.16666666666666666	0	1.1611208182831163	dev	0.14131527976587255	1	1.163787590360692	[0.05, 0.15, 0.45, 0.35]	[0.0, 0.0, 0.4, 0.6]	[0.04164523227492558, 0.16896682059359308, 0.36107650128565466, 0.4283114458458266]
Q114	Africa | Rural | Primary or No Education	Perceptions of Corruption	Africa	Rural	Primary or No Education	4	0.16666666666666666	1	1.3350851650920204	test	0.19810629292947837	0	1.2918084650769424	[0.15, 0.3, 0.35, 0.2]	[0.2, 0.0, 0.4, 0.4]	[0.11278636586339288, 0.3814504953115008, 0.31863152230204067, 0.18713161652306579]
Q114	Asia | Urban | Upper to Post Secondary	Perceptions of Corruption	Asia	Urban	Upper to Post Secondary	4	0.18333333333333335	0	1.2580481453641945	test	0.17266588503515123	0	1.2827042794641241	[0.1, 0.25, 0.45, 0.2]	[0.2, 0.4, 0.4, 0.0]	[0.08659171702098589, 0.3365621332922555, 0.34910292724707775, 0.22774322243968098]
Q114	Europe | Rural | Lower Secondary	Perceptions of Corruption	Europe	Rural	Lower Secondary	4	0.15	1	1.296844129513207	test	0.15712216257839873	0	1.3252659533425293	[0.15, 0.3, 0.4, 0.15]	[0.0, 0.2, 0.6, 0.2]	[0.13351567372420867, 0.3751465584790474, 0.26214918598901255, 0.2291885818077314]
Q114	Europe | Urban | Tertiary	Perceptions of Corruption	Europe	Urban	Tertiary	4	0.11666666666666665	0	1.296844129513207	test	0.09225006649109489	1	1.2479274836987113	[0.15, 0.3, 0.4, 0.15]	[0.0, 0.6, 0.2, 0.2]	[0.11548349616856572, 0.3945347639508443, 0.3612667033047189, 0.12871503657587102]
Q114	North America | Urban | Tertiary	Perceptions of Corruption	North America	Urban	Tertiary	4	0.11666666666666665	1	1.2580481453641945	test	0.0955085298916103	1	1.2523954269352582	[0.1, 0.25, 0.45, 0.2]	[0.0, 0.4, 0.6, 0.0]	[0.08186508441718522, 0.33465325784527056, 0.3953394947423544, 0.1881421629951899]
Q114	South America | Urban | Lower Secondary	Perceptions of Corruption	South America	Urban	Lower Secondary	4	0.17666666666666675	1	1.241068446301181	test	0.15885508064532636	1	1.2613776730855246	[0.08, 0.22000000000000003, 0.45, 0.25]	[0.0, 0.0, 0.6, 0.4]	[0.06789082146780533, 0.2524984091154106, 0.36789595930174174, 0.31171481011504243]
Q121	Africa | Rural | Primary or No Education	Perceptions of Migration	Africa	Rural	Primary or No Education	5	0.2750000000000001	0	1.4305622903362423	calibration	0.06211983462450756	1	1.0972937466632338	[0.35000000000000003, 0.30000000000000004, 0.20000000000000004, 0.10000000000000002, 0.05000000000000001]	[0.0, 0.0, 0.8, 0.2, 0.0]	[0.035606361439988125, 0.10882221071478503, 0.6347441285327411, 0.1732101937217028, 0.047617105590783165]
Q121	Asia | Urban | Upper to Post Secondary	Perceptions of Migration	Asia	Urban	Upper to Post Secondary	5	0.15250000000000002	0	1.5673319840365576	calibration	0.15402702508212354	0	1.1306289188440704	[0.12, 0.18, 0.28, 0.25, 0.17]	[0.0, 0.4, 0.4, 0.2, 0.0]	[0.009083136472525089, 0.062199975069520325, 0.5513314946496501, 0.2764627122185945, 0.10092268158971011]
Q121	Europe | Rural | Lower Secondary	Perceptions of Migration	Europe	Rural	Lower Secondary	5	0.2750000000000001	0	1.4305622903362423	calibration	0.06211983462450756	1	1.0972937466632338	[0.35000000000000003, 0.30000000000000004, 0.20000000000000004, 0.10000000000000002, 0.05000000000000001]	[0.0, 0.0, 0.8, 0.2, 0.0]	[0.035606361439988125, 0.10882221071478503, 0.6347441285327411, 0.1732101937217028, 0.047617105590783165]
Q121	Europe | Urban | Tertiary	Perceptions of Migration	Europe	Urban	Tertiary	5	0.1425	1	1.5673319840365576	calibration	0.1505228833622444	1	1.1069595420932123	[0.12, 0.18, 0.28, 0.25, 0.17]	[0.2, 0.0, 0.6, 0.2, 0.0]	[0.013373385807578866, 0.04602973623746719, 0.5659256733668675, 0.2744743678745705, 0.10019683671351587]
Q121	North America | Urban | Tertiary	Perceptions of Migration	North America	Urban	Tertiary	5	0.29	0	1.5090597165174506	calibration	0.23165444952647668	0	1.1892718430476865	[0.08, 0.15, 0.22000000000000003, 0.35, 0.2]	[0.0, 0.0, 0.0, 0.4, 0.6]	[0.006013343220890975, 0.03813520288945503, 0.40083014810230677, 0.3864985203493641, 0.1685227854379831]
Q121	South America | Urban | Lower Secondary	Perceptions of Migration	South America	Urban	Lower Secondary	5	0.2125	0	1.4886936332683078	calibration	0.06714686089706579	1	1.088941304276148	[0.25, 0.3, 0.25, 0.15, 0.05]	[0.0, 0.2, 0.4, 0.4, 0.0]	[0.021921487655622112, 0.10696637325780868, 0.6071073381521519, 0.2244461831539283, 0.03955861778048896]
Q122	Africa | Rural | Primary or No Education	Perceptions of Migration	Africa	Rural	Primary or No Education	2	0.4615384615384617	1	0.6901856760188041	dev	0.37768933201207144	1	0.6629216031664378	[0.46153846153846156, 0.5384615384615385]	[0.0, 1.0]	[0.3776893320120714, 0.6223106679879287]
Q122	Asia | Urban | Upper to Post Secondary	Perceptions of Migration	Asia	Urban	Upper to Post Secondary	2	0.05555555555555558	1	0.5908422462755826	dev	0.09027720643973092	1	0.5545771339267953	[0.2777777777777778, 0.7222222222222222]	[0.3333333333333333, 0.6666666666666666]	[0.24305612689360256, 0.7569438731063975]
Q122	Europe | Rural | Lower Secondary	Perceptions of Migration	Europe	Rural	Lower Secondary	2	0.13333333333333341	0	0.6909233093138181	dev	0.17786537898259547	0	0.6809716507565282	[0.4666666666666666, 0.5333333333333333]	[0.6, 0.4]	[0.42213462101740457, 0.5778653789825954]
Q122	Europe | Urban | Tertiary	Perceptions of Migration	Europe	Urban	Tertiary	2	0.044117647058823595	1	0.605797499372304	dev	0.0013134255755852253	1	0.5637734952193947	[0.29411764705882354, 0.7058823529411765]	[0.25, 0.75]	[0.2513134255755851, 0.7486865744244148]
Q122	North America | Urban | Tertiary	Perceptions of Migration	North America	Urban	Tertiary	2	0.022222222222222254	1	0.5297061990576546	dev	0.0074069245087870494	1	0.4899611805414048	[0.22222222222222227, 0.7777777777777778]	[0.2, 0.8]	[0.1925930754912131, 0.8074069245087868]
Q122	South America | Urban | Lower Secondary	Perceptions of Migration	South America	Urban	Lower Secondary	2	0.3529411764705882	1	0.649248354870898	dev	0.29607807681244114	1	0.6075045503669769	[0.3529411764705882, 0.6470588235294118]	[0.0, 1.0]	[0.2960780768124411, 0.703921923187559]
Q123	Africa | Rural | Primary or No Education	Perceptions of Migration	Africa	Rural	Primary or No Education	2	0.12820512820512842	1	0.6901856760188041	test	0.044355998678738184	1	0.6629216031664378	[0.46153846153846156, 0.5384615384615385]	[0.3333333333333333, 0.6666666666666666]	[0.3776893320120714, 0.6223106679879287]
Q123	Asia | Urban | Upper to Post Secondary	Perceptions of Migration	Asia	Urban	Upper to Post Secondary	2	0.02777777777777779	1	0.5297061990576546	test	0.05740692450878698	1	0.4899611805414048	[0.22222222222222227, 0.7777777777777778]	[0.25, 0.75]	[0.1925930754912131, 0.8074069245087868]
Q123	Europe | Rural | Lower Secondary	Perceptions of Migration	Europe	Rural	Lower Secondary	2	0.03846153846153855	0	0.6901856760188041	test	0.08288694550991837	0	0.6793430532320491	[0.46153846153846156, 0.5384615384615385]	[0.5, 0.5]	[0.41711305449008174, 0.5828869455099184]
Q123	Europe | Urban | Tertiary	Perceptions of Migration	Europe	Urban	Tertiary	2	0.22222222222222232	1	0.5297061990576546	test	0.18710776704517673	1	0.48200191425188077	[0.22222222222222227, 0.7777777777777778]	[0.0, 1.0]	[0.1871077670451767, 0.8128922329548233]
Q123	North America | Urban | Tertiary	Perceptions of Migration	North America	Urban	Tertiary	2	0.2777777777777778	0	0.5297061990576546	test	0.30740692450878704	0	0.4899611805414048	[0.22222222222222227, 0.7777777777777778]	[0.5, 0.5]	[0.1925930754912131, 0.8074069245087868]
Q123	South America | Urban | Lower Secondary	Perceptions of Migration	South America	Urban	Lower Secondary	2	0.2941176470588236	1	0.605797499372304	test	0.24317012581838265	1	0.5547066010162209	[0.29411764705882354, 0.7058823529411765]	[0.0, 1.0]	[0.24317012581838257, 0.7568298741816175]
Q131	Africa | Rural | Primary or No Education	Perceptions of Security	Africa	Rural	Primary or No Education	4	0.3333333333333333	0	1.3451529218673648	calibration	0.3114864395198101	1	1.3275807462468654	[0.15, 0.25, 0.35, 0.25]	[0.0, 1.0, 0.0, 0.0]	[0.11732797375822542, 0.32974154255491467, 0.288729622572515, 0.2642008611143449]
Q131	Asia | Urban | Upper to Post Secondary	Perceptions of Security	Asia	Urban	Upper to Post Secondary	4	0.10000000000000005	1	1.305461684451695	calibration	0.11039609096456073	0	1.2901836113514333	[0.35000000000000003, 0.30000000000000004, 0.25000000000000006, 0.10000000000000002]	[0.4, 0.4, 0.0, 0.2]	[0.27896208117525534, 0.4032011200892237, 0.21015035406893742, 0.10768644466658366]
Q131	Europe | Rural | Lower Secondary	Perceptions of Security	Europe	Rural	Lower Secondary	4	0.11666666666666675	1	1.305461684451695	calibration	0.08380133318764625	1	1.2564452350961546	[0.25000000000000006, 0.35000000000000003, 0.30000000000000004, 0.10000000000000002]	[0.2, 0.6, 0.0, 0.2]	[0.19354389638201078, 0.456910207827736, 0.24494789594494942, 0.10459799984530373]
Q131	Europe | Urban | Tertiary	Perceptions of Security	Europe	Urban	Tertiary	4	0.11666666666666668	1	1.2056282324887189	calibration	0.10224326998998501	1	1.1421412086722575	[0.35, 0.4, 0.2, 0.05]	[0.2, 0.4, 0.4, 0.0]	[0.2686131989136346, 0.5176576554368584, 0.16188338894367962, 0.05184575670582744]
Q131	North America | Urban | Tertiary	Perceptions of Security	North America	Urban	Tertiary	4	0.19999999999999998	0	1.305461684451695	calibration	0.16816177485912	1	1.2901836113514333	[0.35000000000000003, 0.30000000000000004, 0.25000000000000006, 0.10000000000000002]	[0.0, 0.8, 0.2, 0.0]	[0.27896208117525534, 0.4032011200892237, 0.21015035406893742, 0.10768644466658366]
Q131	South America | Urban | Lower Secondary	Perceptions of Security	South America	Urban	Lower Secondary	4	0.25000000000000006	1	1.3195454632493369	calibration	0.2523925302454846	1	1.3153122916659672	[0.15, 0.25, 0.4, 0.2]	[0.0, 0.0, 0.6, 0.4]	[0.11870412051348489, 0.3336091006429481, 0.33384702791010284, 0.21383975093346413]
Q132	Africa | Rural | Primary or No Education	Perceptions of Security	Africa	Rural	Primary or No Education	4	0.4000000000000001	0	1.161120818283116	dev	0.37459162268163854	0	1.1397229200298762	[0.45, 0.35, 0.15, 0.05]	[0.0, 0.2, 0.6, 0.2]	[0.3554662392165044, 0.46620533082693477, 0.12496548874153282, 0.0533629412150281]
Q132	Asia | Urban | Upper to Post Secondary	Perceptions of Security	Asia	Urban	Upper to Post Secondary	4	0.3833333333333335	0	1.305461684451695	dev	0.37980000024881794	0	1.2564452350961546	[0.25000000000000006, 0.35000000000000003, 0.30000000000000004, 0.10000000000000002]	[0.0, 0.0, 0.6, 0.4]	[0.19354389638201078, 0.456910207827736, 0.24494789594494942, 0.10459799984530373]
Q132	Europe | Rural | Lower Secondary	Perceptions of Security	Europe	Rural	Lower Secondary	4	0.23333333333333342	0	1.305461684451695	dev	0.2178129459243836	0	1.2901836113514333	[0.35000000000000003, 0.30000000000000004, 0.25000000000000006, 0.10000000000000002]	[0.2, 0.2, 0.2, 0.4]	[0.27896208117525534, 0.4032011200892237, 0.21015035406893742, 0.10768644466658366]
Q132	Europe | Urban | Tertiary	Perceptions of Security	Europe	Urban	Tertiary	4	0.3166666666666667	0	1.3195454632493369	dev	0.31905919691215123	0	1.3153122916659672	[0.15, 0.25, 0.4, 0.2]	[0.0, 0.0, 0.4, 0.6]	[0.11870412051348489, 0.3336091006429481, 0.33384702791010284, 0.21383975093346413]
Q132	North America | Urban | Tertiary	Perceptions of Security	North America	Urban	Tertiary	4	0.18333333333333335	1	1.3195454632493369	dev	0.19495236420112738	1	1.3153122916659672	[0.15, 0.25, 0.4, 0.2]	[0.0, 0.0, 0.8, 0.2]	[0.11870412051348489, 0.3336091006429481, 0.33384702791010284, 0.21383975093346413]
Q132	South America | Urban | Lower Secondary	Perceptions of Security	South America	Urban	Lower Secondary	4	0.5	0	1.2056282324887189	dev	0.4808438780613302	0	1.1744098639192513	[0.4, 0.35, 0.2, 0.05]	[0.0, 0.2, 0.2, 0.6]	[0.31528930787852566, 0.4652010018191859, 0.16626170691004205, 0.05324798339224648]
Q133	Africa | Rural | Primary or No Education	Perceptions of Security	Africa	Rural	Primary or No Education	4	0.13333333333333333	0	1.161120818283116	test	0.10792495601497187	1	1.1397229200298762	[0.45, 0.35, 0.15, 0.05]	[0.2, 0.6, 0.0, 0.2]	[0.3554662392165044, 0.46620533082693477, 0.12496548874153282, 0.0533629412150281]
Q133	Asia | Urban | Upper to Post Secondary	Perceptions of Security	Asia	Urban	Upper to Post Secondary	4	0.43333333333333357	0	1.305461684451695	test	0.4178129459243837	0	1.2901836113514333	[0.35000000000000003, 0.30000000000000004, 0.25000000000000006, 0.10000000000000002]	[0.0, 0.0, 0.6, 0.4]	[0.27896208117525534, 0.4032011200892237, 0.21015035406893742, 0.10768644466658366]
Q133	Europe | Rural | Lower Secondary	Perceptions of Security	Europe	Rural	Lower Secondary	4	0.4666666666666666	0	1.161120818283116	test	0.44125828934830524	0	1.1397229200298762	[0.45, 0.35, 0.15, 0.05]	[0.2, 0.0, 0.2, 0.6]	[0.3554662392165044, 0.46620533082693477, 0.12496548874153282, 0.0533629412150281]
Q133	Europe | Urban | Tertiary	Perceptions of Security	Europe	Urban	Tertiary	4	0.43333333333333357	0	1.305461684451695	test	0.4178129459243837	0	1.2901836113514333	[0.35000000000000003, 0.30000000000000004, 0.25000000000000006, 0.10000000000000002]	[0.0, 0.0, 0.6, 0.4]	[0.27896208117525534, 0.4032011200892237, 0.21015035406893742, 0.10768644466658366]
Q133	North America | Urban | Tertiary	Perceptions of Security	North America	Urban	Tertiary	4	0.43333333333333357	0	1.305461684451695	test	0.4178129459243837	0	1.2901836113514333	[0.35000000000000003, 0.30000000000000004, 0.25000000000000006, 0.10000000000000002]	[0.0, 0.0, 0.6, 0.4]	[0.27896208117525534, 0.4032011200892237, 0.21015035406893742, 0.10768644466658366]
Q133	South America | Urban | Lower Secondary	Perceptions of Security	South America	Urban	Lower Secondary	4	0.4666666666666666	0	1.161120818283116	test	0.4412582893483052	0	1.1397229200298762	[0.45, 0.35, 0.15, 0.05]	[0.0, 0.0, 0.8, 0.2]	[0.3554662392165044, 0.46620533082693477, 0.12496548874153282, 0.0533629412150281]
Q158	Africa | Rural | Primary or No Education	Perceptions about Science and Technology	Africa	Rural	Primary or No Education	10	0.2777777777777778	0	2.25922837208048	calibration	0.25789107279052936	0	2.1029960421777907	[0.08, 0.1, 0.12, 0.13, 0.15, 0.12, 0.1, 0.08, 0.07, 0.05]	[0.0, 0.0, 0.2, 0.0, 0.0, 0.0, 0.2, 0.2, 0.0, 0.4]	[0.17653727065392374, 0.03004865058373024, 0.08857275677555067, 0.0917863021790838, 0.2135583019195486, 0.042845095855244666, 0.06790137782561172, 0.13087499330335509, 0.016441890953984677, 0.14143335994996686]
Q158	Asia | Urban | Upper to Post Secondary	Perceptions about Science and Technology	Asia	Urban	Upper to Post Secondary	10	0.125	0	1.9483400130488568	calibration	0.1885789387180053	0	1.4913356400353313	[0.01, 0.015, 0.025, 0.04, 0.06, 0.08, 0.12, 0.2, 0.22000000000000003, 0.23000000000000004]	[0.0, 0.0, 0.0, 0.0, 0.2, 0.2, 0.0, 0.6, 0.0, 0.0]	[0.016998366887253886, 0.0034719783660218696, 0.014214110994894034, 0.021754809789249308, 0.06580171730356114, 0.022002429469064187, 0.06276544477141965, 0.25203302897986424, 0.039804959108925474, 0.5011531543297463]
Q158	Europe | Rural | Lower Secondary	Perceptions about Science and Technology	Europe	Rural	Lower Secondary	10	0.12555555555555553	0	2.1090512618924926	calibration	0.09494257404630205	1	1.9597033860976634	[0.02, 0.03, 0.05, 0.08, 0.12, 0.15, 0.2, 0.18, 0.12, 0.05]	[0.0, 0.0, 0.0, 0.0, 0.2, 0.0, 0.2, 0.4, 0.0, 0.2]	[0.04546030066317974, 0.009285432033695126, 0.03801410828308594, 0.058180894697074687, 0.17597960278269456, 0.05516543142157409, 0.1398828492119487, 0.30331583073315904, 0.02903292931255654, 0.14568262086103148]
Q158	Europe | Urban | Tertiary	Perceptions about Science and Technology	Europe	Urban	Tertiary	10	0.1516666666666667	0	1.9853462098744692	calibration	0.1364385766542111	1	1.6010268063632522	[0.01, 0.015, 0.025, 0.04, 0.07, 0.1, 0.14, 0.22000000000000003, 0.2, 0.18]	[0.2, 0.0, 0.0, 0.0, 0.0, 0.0, 0.2, 0.0, 0.0, 0.6]	[0.018091706609940788, 0.003695296987690621, 0.01512836659818093, 0.023154085252583344, 0.0817064525715574, 0.029272039874512025, 0.0779362917336986, 0.29506825045123736, 0.03851384112345959, 0.4174336687971394]
Q158	North America | Urban | Tertiary	Perceptions about Science and Technology	North America	Urban	Tertiary	10	0.22277777777777777	0	1.9853462098744692	calibration	0.28607883859148625	0	1.6010268063632522	[0.01, 0.015, 0.025, 0.04, 0.07, 0.1, 0.14, 0.22000000000000003, 0.2, 0.18]	[0.2, 0.0, 0.0, 0.2, 0.2, 0.0, 0.0, 0.2, 0.0, 0.2]	[0.018091706609940788, 0.003695296987690621, 0.01512836659818093, 0.023154085252583344, 0.0817064525715574, 0.029272039874512025, 0.0779362917336986, 0.29506825045123736, 0.03851384112345959, 0.4174336687971394]
Q158	South America | Urban | Lower Secondary	Perceptions about Science and Technology	South America	Urban	Lower Secondary	10	0.12666666666666668	1	2.1161267301605564	calibration	0.0896989590253852	1	1.9215837530156281	[0.02, 0.03, 0.05, 0.07, 0.1, 0.13, 0.18, 0.2, 0.15, 0.07]	[0.0, 0.0, 0.0, 0.0, 0.2, 0.0, 0.0, 0.6, 0.0, 0.2]	[0.04365780865295077, 0.00891726647367683, 0.036506856341135215, 0.04888977942351585, 0.14083503835636862, 0.04591438182860643, 0.12090286949430615, 0.3236549083334939, 0.03485222419538607, 0.19586886690056018]
Q159	Africa | Rural | Primary or No Education	Perceptions about Science and Technology	Africa	Rural	Primary or No Education	10	0.1922222222222222	0	2.1090512618924926	dev	0.15960788330385	0	1.9597033860976634	[0.02, 0.03, 0.05, 0.08, 0.12, 0.15, 0.2, 0.18, 0.12, 0.05]	[0.0, 0.0, 0.0, 0.0, 0.4, 0.0, 0.0, 0.0, 0.0, 0.6]	[0.04546030066317974, 0.009285432033695126, 0.03801410828308594, 0.058180894697074687, 0.17597960278269456, 0.05516543142157409, 0.1398828492119487, 0.30331583073315904, 0.02903292931255654, 0.14568262086103148]
Q159	Asia | Urban | Upper to Post Secondary	Perceptions about Science and Technology	Asia	Urban	Upper to Post Secondary	10	0.12222222222222223	0	1.9716422756209662	dev	0.05733968447469034	1	1.521226936576175	[0.01, 0.02, 0.03, 0.04, 0.06, 0.08, 0.12, 0.2, 0.22000000000000003, 0.22000000000000003]	[0.0, 0.0, 0.0, 0.0, 0.0, 0.2, 0.0, 0.2, 0.0, 0.6]	[0.017306229467161365, 0.004713147226117757, 0.017365856485928192, 0.022148817749633832, 0.06699347216953049, 0.022400922144596307, 0.06390220878437074, 0.25659767563317415, 0.040525878799956165, 0.488045791539531]
Q159	Europe | Rural | Lower Secondary	Perceptions about Science and Technology	Europe	Rural	Lower Secondary	10	0.19333333333333333	1	2.1161267301605564	dev	0.15636562569205187	1	1.9215837530156281	[0.02, 0.03, 0.05, 0.07, 0.1, 0.13, 0.18, 0.2, 0.15, 0.07]	[0.0, 0.0, 0.0, 0.0, 0.0, 0.0, 0.0, 0.8, 0.0, 0.2]	[0.04365780865295077, 0.00891726647367683, 0.036506856341135215, 0.04888977942351585, 0.14083503835636862, 0.04591438182860643, 0.12090286949430615, 0.3236549083334939, 0.03485222419538607, 0.19586886690056018]
Q159	Europe | Urban | Tertiary	Perceptions about Science and Technology	Europe	Urban	Tertiary	10	0.09444444444444446	0	2.093982939553786	dev	0.12919779280335753	0	1.7539442166602193	[0.02, 0.03, 0.04, 0.05, 0.08, 0.1, 0.15, 0.2, 0.18, 0.15]	[0.2, 0.0, 0.0, 0.0, 0.0, 0.2, 0.2, 0.0, 0.2, 0.2]	[0.03794227580773546, 0.0077498480669265304, 0.025382001614963935, 0.03034949616937398, 0.09791791266828367, 0.030694943111765405, 0.08756222849627532, 0.281283100948466, 0.03634738646952199, 0.3647708066466878]
Q159	North America | Urban | Tertiary	Perceptions about Science and Technology	North America	Urban	Tertiary	10	0.16444444444444445	0	1.9821824799019878	dev	0.16251955238041066	1	1.5864588254658631	[0.01, 0.02, 0.03, 0.04, 0.07, 0.08, 0.12, 0.21000000000000002, 0.23000000000000004, 0.19]	[0.0, 0.0, 0.2, 0.2, 0.0, 0.0, 0.0, 0.0, 0.0, 0.6]	[0.018040743001323176, 0.004913183313276409, 0.018102900718782584, 0.023088861127289213, 0.08147628878656091, 0.023351665374028933, 0.06661435571990153, 0.28086264348336976, 0.044166151562418064, 0.43938320691304944]
Q159	South America | Urban | Lower Secondary	Perceptions about Science and Technology	South America	Urban	Lower Secondary	10	0.10000000000000002	0	2.1161267301605564	dev	0.13935017232926952	0	1.9215837530156281	[0.02, 0.03, 0.05, 0.07, 0.1, 0.13, 0.18, 0.2, 0.15, 0.07]	[0.2, 0.0, 0.0, 0.0, 0.2, 0.0, 0.4, 0.0, 0.2, 0.0]	[0.04365780865295077, 0.00891726647367683, 0.036506856341135215, 0.04888977942351585, 0.14083503835636862, 0.04591438182860643, 0.12090286949430615, 0.3236549083334939, 0.03485222419538607, 0.19586886690056018]
Q160	Africa | Rural | Primary or No Education	Perceptions about Science and Technology	Africa	Rural	Primary or No Education	10	0.13555555555555557	0	2.24032260091317	test	0.10940766332227149	1	2.119781877271202	[0.05, 0.07, 0.1, 0.12, 0.13, 0.15, 0.14, 0.11000000000000001, 0.08, 0.05]	[0.0, 0.2, 0.0, 0.0, 0.4, 0.0, 0.0, 0.0, 0.0, 0.4]	[0.11448167161609697, 0.02182441194540937, 0.07658407177703166, 0.08790939765740659, 0.1920384045265985, 0.05556875526500952, 0.0986338895450706, 0.1867148704143471, 0.019496795994901943, 0.1467477312581277]
Q160	Asia | Urban | Upper to Post Secondary	Perceptions about Science and Technology	Asia	Urban	Upper to Post Secondary	10	0.08518518518518521	0	2.19334524281659	test	0.07533740464042793	0	2.0588218991583185	[0.08888888888888892, 0.11111111111111115, 0.13333333333333333, 0.14444444444444443, 0.16666666666666663, 0.13333333333333333, 0.08888888888888892, 0.06666666666666661, 0.044444444444444405, 0.022222222222222202]	[0.2, 0.0, 0.0, 0.2, 0.2, 0.0, 0.2, 0.0, 0.2, 0.0]	[0.2048484689540493, 0.03486753841504192, 0.10277712773797022, 0.10650602789253626, 0.24780654543145214, 0.04971614354082729, 0.06303255164611479, 0.11389751539401563, 0.01090209668686697, 0.06564598430112567]
Q160	Europe | Rural | Lower Secondary	Perceptions about Science and Technology	Europe	Rural	Lower Secondary	10	0.11666666666666667	0	2.242437682995713	test	0.09619874971571099	0	2.109956465515354	[0.05, 0.07, 0.1, 0.13, 0.15, 0.14, 0.12, 0.1, 0.09, 0.05]	[0.0, 0.0, 0.2, 0.0, 0.2, 0.2, 0.0, 0.0, 0.2, 0.2]	[0.11396449684295598, 0.02172581943590573, 0.07623810067625739, 0.09480495268714911, 0.2205817668733194, 0.05162987345423546, 0.08416140656268382, 0.16897398159486715, 0.021834808389174322, 0.1460847934834516]
Q160	Europe | Urban | Tertiary	Perceptions about Science and Technology	Europe	Urban	Tertiary	10	0.06333333333333334	1	2.209762012815997	test	0.14192439888563235	1	1.8152002429928844	[0.18, 0.15, 0.12, 0.1, 0.08, 0.07, 0.06, 0.05, 0.05, 0.14]	[0.2, 0.0, 0.2, 0.2, 0.0, 0.2, 0.0, 0.0, 0.2, 0.0]	[0.31260399794340643, 0.035472503041365636, 0.06970689915781735, 0.05556612650337984, 0.08963771740901655, 0.019669508806846037, 0.032063094809802545, 0.06437426622891372, 0.009242710064559588, 0.3116631760348923]
Q160	North America | Urban | Tertiary	Perceptions about Science and Technology	North America	Urban	Tertiary	10	0.22	1	2.2457972257203362	test	0.12431117202201006	1	1.8895827780050776	[0.12, 0.14, 0.13, 0.11000000000000001, 0.09, 0.08, 0.07, 0.06, 0.05, 0.15]	[0.2, 0.2, 0.0, 0.0, 0.0, 0.0, 0.0, 0.0, 0.0, 0.6]	[0.21724579506243774, 0.03451252398396995, 0.07872016223823378, 0.06371635432305336, 0.10512146907186885, 0.02343330644161402, 0.03899422911223645, 0.08052702375158945, 0.00963490507023374, 0.3480942309447625]
Q160	South America | Urban | Lower Secondary	Perceptions about Science and Technology	South America	Urban	Lower Secondary	10	0.1977777777777778	0	2.2622538014213465	test	0.21397090404312913	0	2.068450282501383	[0.05, 0.07, 0.1, 0.12, 0.15, 0.13, 0.11000000000000001, 0.1, 0.09, 0.08]	[0.4, 0.0, 0.2, 0.0, 0.0, 0.2, 0.0, 0.0, 0.0, 0.2]	[0.1065430401461636, 0.020311017171933198, 0.07127341624831475, 0.08181339730298962, 0.20621731060578424, 0.04482000336149136, 0.0721240211002888, 0.15797026445461632, 0.020412908679773446, 0.21851462092864463]
Q164	Africa | Rural | Primary or No Education	Religious Values	Africa	Rural	Primary or No Education	10	0.21222222222222223	1	1.8499774445803243	calibration	0.21222222222222223	1	1.8499774445803243	[0.01, 0.01, 0.02, 0.03, 0.05, 0.08, 0.1, 0.15, 0.25, 0.3]	[0.0, 0.0, 0.0, 0.0, 0.0, 0.0, 0.0, 0.0, 0.0, 1.0]	[0.01, 0.01, 0.02, 0.03, 0.05, 0.08, 0.1, 0.15, 0.25, 0.3]
Q164	Asia | Urban | Upper to Post Secondary	Religious Values	Asia	Urban	Upper to Post Secondary	10	0.19111111111111112	0	2.1161267301605564	calibration	0.19111111111111112	0	2.1161267301605564	[0.02, 0.03, 0.05, 0.07, 0.1, 0.13, 0.18, 0.2, 0.15, 0.07]	[0.2, 0.0, 0.0, 0.2, 0.2, 0.0, 0.0, 0.0, 0.0, 0.4]	[0.02, 0.03, 0.05, 0.07, 0.1, 0.13, 0.18, 0.2, 0.15, 0.07]
Q164	Europe | Rural | Lower Secondary	Religious Values	Europe	Rural	Lower Secondary	10	0.23111111111111113	0	2.099529260888354	calibration	0.23111111111111113	0	2.099529260888354	[0.02, 0.03, 0.04, 0.06, 0.08, 0.1, 0.12, 0.18, 0.2, 0.17]	[0.4, 0.0, 0.0, 0.0, 0.0, 0.2, 0.0, 0.0, 0.4, 0.0]	[0.02, 0.03, 0.04, 0.06, 0.08, 0.1, 0.12, 0.18, 0.2, 0.17]
Q164	Europe | Urban | Tertiary	Religious Values	Europe	Urban	Tertiary	10	0.1388888888888889	0	2.209762012815997	calibration	0.1388888888888889	0	2.209762012815997	[0.18, 0.15, 0.12, 0.1, 0.08, 0.07, 0.06, 0.05, 0.05, 0.14]	[0.2, 0.2, 0.0, 0.0, 0.0, 0.0, 0.0, 0.4, 0.0, 0.2]	[0.18, 0.15, 0.12, 0.1, 0.08, 0.07, 0.06, 0.05, 0.05, 0.14]
Q164	North America | Urban | Tertiary	Religious Values	North America	Urban	Tertiary	10	0.26222222222222225	0	2.217138055022556	calibration	0.26222222222222225	0	2.217138055022556	[0.05000000000000001, 0.05000000000000001, 0.060000000000000005, 0.07000000000000002, 0.10000000000000002, 0.12000000000000001, 0.15000000000000002, 0.18000000000000002, 0.12000000000000001, 0.10000000000000002]	[0.4, 0.2, 0.0, 0.0, 0.0, 0.0, 0.0, 0.0, 0.2, 0.2]	[0.05000000000000001, 0.05000000000000001, 0.060000000000000005, 0.07000000000000002, 0.10000000000000002, 0.12000000000000001, 0.15000000000000002, 0.18000000000000002, 0.12000000000000001, 0.10000000000000002]
Q164	South America | Urban | Lower Secondary	Religious Values	South America	Urban	Lower Secondary	10	0.25777777777777783	0	2.0879422854885794	calibration	0.25777777777777783	0	2.0879422854885794	[0.02, 0.03, 0.04, 0.05, 0.08, 0.1, 0.12, 0.18, 0.2, 0.18]	[0.0, 0.0, 0.0, 0.0, 0.0, 0.0, 0.0, 0.2, 0.0, 0.8]	[0.02, 0.03, 0.04, 0.05, 0.08, 0.1, 0.12, 0.18, 0.2, 0.18]
Q165	Africa | Rural | Primary or No Education	Religious Values	Africa	Rural	Primary or No Education	2	0.08000000000000015	1	0.27876937176858746	dev	0.08000000000000015	1	0.27876937176858746	[0.9199999999999999, 0.07999999999999999]	[1.0, 0.0]	[0.9199999999999999, 0.07999999999999999]
Q165	Asia | Urban | Upper to Post Secondary	Religious Values	Asia	Urban	Upper to Post Secondary	2	0.31999999999999995	0	0.5929533174474745	dev	0.31999999999999995	0	0.5929533174474745	[0.72, 0.28]	[0.4, 0.6]	[0.72, 0.28]
Q165	Europe | Rural | Lower Secondary	Religious Values	Europe	Rural	Lower Secondary	2	0.38000000000000006	0	0.5269079614313803	dev	0.38000000000000006	0	0.5269079614313803	[0.78, 0.22000000000000003]	[0.4, 0.6]	[0.78, 0.22000000000000003]
Q165	Europe | Urban | Tertiary	Religious Values	Europe	Urban	Tertiary	2	0.12	1	0.6268694575724263	dev	0.12	1	0.6268694575724263	[0.68, 0.32]	[0.8, 0.2]	[0.68, 0.32]
Q165	North America | Urban | Tertiary	Religious Values	North America	Urban	Tertiary	2	0.28	1	0.5929533174474745	dev	0.28	1	0.5929533174474745	[0.72, 0.28]	[1.0, 0.0]	[0.72, 0.28]
Q165	South America | Urban | Lower Secondary	Religious Values	South America	Urban	Lower Secondary	2	0.15000000000000005	1	0.42270908780599087	dev	0.15000000000000005	1	0.42270908780599087	[0.85, 0.15]	[1.0, 0.0]	[0.85, 0.15]
Q166	Africa | Rural | Primary or No Education	Religious Values	Africa	Rural	Primary or No Education	2	0.15000000000000005	1	0.42270908780599087	test	0.15000000000000005	1	0.42270908780599087	[0.85, 0.15]	[1.0, 0.0]	[0.85, 0.15]
Q166	Asia | Urban | Upper to Post Secondary	Religious Values	Asia	Urban	Upper to Post Secondary	2	0.0500000000000001	1	0.5623351446188083	test	0.0500000000000001	1	0.5623351446188083	[0.75, 0.25]	[0.8, 0.2]	[0.75, 0.25]
Q166	Europe | Rural | Lower Secondary	Religious Values	Europe	Rural	Lower Secondary	2	0.0500000000000001	1	0.5623351446188083	test	0.0500000000000001	1	0.5623351446188083	[0.75, 0.25]	[0.8, 0.2]	[0.75, 0.25]
Q166	Europe | Urban | Tertiary	Religious Values	Europe	Urban	Tertiary	2	0.17999999999999994	0	0.6802920001921535	test	0.17999999999999994	0	0.6802920001921535	[0.58, 0.42000000000000004]	[0.4, 0.6]	[0.58, 0.42000000000000004]
Q166	North America | Urban | Tertiary	Religious Values	North America	Urban	Tertiary	2	0.08000000000000013	1	0.6268694575724263	test	0.08000000000000013	1	0.6268694575724263	[0.68, 0.32]	[0.6, 0.4]	[0.68, 0.32]
Q166	South America | Urban | Lower Secondary	Religious Values	South America	Urban	Lower Secondary	2	0.0500000000000001	1	0.5623351446188083	test	0.0500000000000001	1	0.5623351446188083	[0.75, 0.25]	[0.8, 0.2]	[0.75, 0.25]
Q176	Africa | Rural | Primary or No Education	Ethical Values	Africa	Rural	Primary or No Education	10	0.11777777777777779	0	2.2467988990896077	calibration	0.11777777777777779	0	2.2467988990896077	[0.05, 0.06, 0.08, 0.1, 0.12, 0.14, 0.15, 0.13, 0.1, 0.07]	[0.0, 0.0, 0.0, 0.0, 0.4, 0.0, 0.4, 0.0, 0.0, 0.2]	[0.05, 0.06, 0.08, 0.1, 0.12, 0.14, 0.15, 0.13, 0.1, 0.07]
Q176	Asia | Urban | Upper to Post Secondary	Ethical Values	Asia	Urban	Upper to Post Secondary	10	0.11333333333333336	0	2.2467988990896077	calibration	0.11333333333333336	0	2.2467988990896077	[0.05, 0.06, 0.08, 0.1, 0.12, 0.14, 0.15, 0.13, 0.1, 0.07]	[0.0, 0.0, 0.0, 0.2, 0.4, 0.0, 0.2, 0.2, 0.0, 0.0]	[0.05, 0.06, 0.08, 0.1, 0.12, 0.14, 0.15, 0.13, 0.1, 0.07]
Q176	Europe | Rural | Lower Secondary	Ethical Values	Europe	Rural	Lower Secondary	10	0.13111111111111112	0	2.2467988990896077	calibration	0.13111111111111112	0	2.2467988990896077	[0.05, 0.06, 0.08, 0.1, 0.12, 0.14, 0.15, 0.13, 0.1, 0.07]	[0.0, 0.0, 0.2, 0.2, 0.4, 0.0, 0.0, 0.0, 0.0, 0.2]	[0.05, 0.06, 0.08, 0.1, 0.12, 0.14, 0.15, 0.13, 0.1, 0.07]
Q176	Europe | Urban | Tertiary	Ethical Values	Europe	Urban	Tertiary	10	0.2288888888888889	0	2.2467988990896077	calibration	0.2288888888888889	0	2.2467988990896077	[0.05, 0.06, 0.08, 0.1, 0.12, 0.14, 0.15, 0.13, 0.1, 0.07]	[0.0, 0.0, 0.0, 0.0, 0.2, 0.0, 0.2, 0.2, 0.0, 0.4]	[0.05, 0.06, 0.08, 0.1, 0.12, 0.14, 0.15, 0.13, 0.1, 0.07]
Q176	North America | Urban | Tertiary	Ethical Values	North America	Urban	Tertiary	10	0.20000000000000007	0	2.2467988990896077	calibration	0.20000000000000007	0	2.2467988990896077	[0.05, 0.06, 0.08, 0.1, 0.12, 0.14, 0.15, 0.13, 0.1, 0.07]	[0.4, 0.0, 0.2, 0.0, 0.0, 0.0, 0.2, 0.0, 0.2, 0.0]	[0.05, 0.06, 0.08, 0.1, 0.12, 0.14, 0.15, 0.13, 0.1, 0.07]
Q176	South America | Urban | Lower Secondary	Ethical Values	South America	Urban	Lower Secondary	10	0.08666666666666668	0	2.2467988990896077	calibration	0.08666666666666668	0	2.2467988990896077	[0.05, 0.06, 0.08, 0.1, 0.12, 0.14, 0.15, 0.13, 0.1, 0.07]	[0.0, 0.2, 0.2, 0.0, 0.0, 0.2, 0.2, 0.0, 0.0, 0.2]	[0.05, 0.06, 0.08, 0.1, 0.12, 0.14, 0.15, 0.13, 0.1, 0.07]
Q177	Africa | Rural | Primary or No Education	Ethical Values	Africa	Rural	Primary or No Education	10	0.1288888888888889	1	1.7869086288010863	dev	0.1288888888888889	1	1.7869086288010863	[0.35, 0.25, 0.15, 0.08, 0.05, 0.04, 0.03, 0.02, 0.02, 0.01]	[0.6, 0.2, 0.2, 0.0, 0.0, 0.0, 0.0, 0.0, 0.0, 0.0]	[0.35, 0.25, 0.15, 0.08, 0.05, 0.04, 0.03, 0.02, 0.02, 0.01]
Q177	Asia | Urban | Upper to Post Secondary	Ethical Values	Asia	Urban	Upper to Post Secondary	10	0.10222222222222224	1	1.7869086288010863	dev	0.10222222222222224	1	1.7869086288010863	[0.35, 0.25, 0.15, 0.08, 0.05, 0.04, 0.03, 0.02, 0.02, 0.01]	[0.6, 0.0, 0.0, 0.0, 0.4, 0.0, 0.0, 0.0, 0.0, 0.0]	[0.35, 0.25, 0.15, 0.08, 0.05, 0.04, 0.03, 0.02, 0.02, 0.01]
Q177	Europe | Rural | Lower Secondary	Ethical Values	Europe	Rural	Lower Secondary	10	0.13	1	1.7645942736696651	dev	0.13	1	1.7645942736696651	[0.35, 0.25, 0.15, 0.1, 0.05, 0.03, 0.02, 0.02, 0.02, 0.01]	[0.8, 0.0, 0.0, 0.0, 0.0, 0.0, 0.0, 0.2, 0.0, 0.0]	[0.35, 0.25, 0.15, 0.1, 0.05, 0.03, 0.02, 0.02, 0.02, 0.01]
Q177	Europe | Urban | Tertiary	Ethical Values	Europe	Urban	Tertiary	10	0.0688888888888889	1	1.7869086288010863	dev	0.0688888888888889	1	1.7869086288010863	[0.35, 0.25, 0.15, 0.08, 0.05, 0.04, 0.03, 0.02, 0.02, 0.01]	[0.4, 0.0, 0.4, 0.0, 0.0, 0.0, 0.2, 0.0, 0.0, 0.0]	[0.35, 0.25, 0.15, 0.08, 0.05, 0.04, 0.03, 0.02, 0.02, 0.01]
Q177	North America | Urban | Tertiary	Ethical Values	North America	Urban	Tertiary	10	0.10666666666666663	1	1.7869086288010863	dev	0.10666666666666663	1	1.7869086288010863	[0.35, 0.25, 0.15, 0.08, 0.05, 0.04, 0.03, 0.02, 0.02, 0.01]	[0.4, 0.0, 0.2, 0.2, 0.0, 0.0, 0.0, 0.0, 0.2, 0.0]	[0.35, 0.25, 0.15, 0.08, 0.05, 0.04, 0.03, 0.02, 0.02, 0.01]
Q177	South America | Urban | Lower Secondary	Ethical Values	South America	Urban	Lower Secondary	10	0.40444444444444444	0	1.7869086288010863	dev	0.40444444444444444	0	1.7869086288010863	[0.35, 0.25, 0.15, 0.08, 0.05, 0.04, 0.03, 0.02, 0.02, 0.01]	[0.0, 0.2, 0.2, 0.0, 0.0, 0.0, 0.0, 0.2, 0.2, 0.2]	[0.35, 0.25, 0.15, 0.08, 0.05, 0.04, 0.03, 0.02, 0.02, 0.01]
Q178	Africa | Rural | Primary or No Education	Ethical Values	Africa	Rural	Primary or No Education	10	0.17333333333333342	1	1.7869086288010863	test	0.17333333333333342	1	1.7869086288010863	[0.35, 0.25, 0.15, 0.08, 0.05, 0.04, 0.03, 0.02, 0.02, 0.01]	[0.8, 0.2, 0.0, 0.0, 0.0, 0.0, 0.0, 0.0, 0.0, 0.0]	[0.35, 0.25, 0.15, 0.08, 0.05, 0.04, 0.03, 0.02, 0.02, 0.01]
Q178	Asia | Urban | Upper to Post Secondary	Ethical Values	Asia	Urban	Upper to Post Secondary	10	0.1677777777777779	1	1.7645942736696651	test	0.1677777777777779	1	1.7645942736696651	[0.35, 0.25, 0.15, 0.1, 0.05, 0.03, 0.02, 0.02, 0.02, 0.01]	[0.8, 0.2, 0.0, 0.0, 0.0, 0.0, 0.0, 0.0, 0.0, 0.0]	[0.35, 0.25, 0.15, 0.1, 0.05, 0.03, 0.02, 0.02, 0.02, 0.01]
Q178	Europe | Rural | Lower Secondary	Ethical Values	Europe	Rural	Lower Secondary	10	0.1933333333333333	1	1.7869086288010863	test	0.1933333333333333	1	1.7869086288010863	[0.35, 0.25, 0.15, 0.08, 0.05, 0.04, 0.03, 0.02, 0.02, 0.01]	[0.6, 0.0, 0.0, 0.0, 0.0, 0.0, 0.2, 0.0, 0.0, 0.2]	[0.35, 0.25, 0.15, 0.08, 0.05, 0.04, 0.03, 0.02, 0.02, 0.01]
Q178	Europe | Urban | Tertiary	Ethical Values	Europe	Urban	Tertiary	10	0.24888888888888885	1	1.7869086288010863	test	0.24888888888888885	1	1.7869086288010863	[0.35, 0.25, 0.15, 0.08, 0.05, 0.04, 0.03, 0.02, 0.02, 0.01]	[0.2, 0.0, 0.2, 0.0, 0.2, 0.2, 0.0, 0.0, 0.0, 0.2]	[0.35, 0.25, 0.15, 0.08, 0.05, 0.04, 0.03, 0.02, 0.02, 0.01]
Q178	North America | Urban | Tertiary	Ethical Values	North America	Urban	Tertiary	10	0.1933333333333333	1	1.7869086288010863	test	0.1933333333333333	1	1.7869086288010863	[0.35, 0.25, 0.15, 0.08, 0.05, 0.04, 0.03, 0.02, 0.02, 0.01]	[0.4, 0.0, 0.0, 0.2, 0.0, 0.2, 0.0, 0.0, 0.0, 0.2]	[0.35, 0.25, 0.15, 0.08, 0.05, 0.04, 0.03, 0.02, 0.02, 0.01]
Q178	South America | Urban | Lower Secondary	Ethical Values	South America	Urban	Lower Secondary	10	0.20444444444444443	1	1.7869086288010863	test	0.20444444444444443	1	1.7869086288010863	[0.35, 0.25, 0.15, 0.08, 0.05, 0.04, 0.03, 0.02, 0.02, 0.01]	[0.2, 0.0, 0.2, 0.2, 0.2, 0.0, 0.0, 0.0, 0.0, 0.2]	[0.35, 0.25, 0.15, 0.08, 0.05, 0.04, 0.03, 0.02, 0.02, 0.01]
Q199	Africa | Rural | Primary or No Education	Political Interest and Political Participation	Africa	Rural	Primary or No Education	4	0.13333333333333333	1	1.3451529218673648	calibration	0.13333333333333333	1	1.3451529218673648	[0.15, 0.25, 0.35, 0.25]	[0.0, 0.2, 0.6, 0.2]	[0.15, 0.25, 0.35, 0.25]
Q199	Asia | Urban | Upper to Post Secondary	Political Interest and Political Participation	Asia	Urban	Upper to Post Secondary	4	0.19333333333333344	0	1.2844469923859496	calibration	0.19333333333333344	0	1.2844469923859496	[0.38000000000000006, 0.32000000000000006, 0.20000000000000004, 0.10000000000000002]	[0.0, 0.6, 0.4, 0.0]	[0.38000000000000006, 0.32000000000000006, 0.20000000000000004, 0.10000000000000002]
Q199	Europe | Rural | Lower Secondary	Political Interest and Political Participation	Europe	Rural	Lower Secondary	4	0.3	0	1.3451529218673648	calibration	0.3	0	1.3451529218673648	[0.15, 0.25, 0.35, 0.25]	[0.0, 0.2, 0.0, 0.8]	[0.15, 0.25, 0.35, 0.25]
Q199	Europe | Urban | Tertiary	Political Interest and Political Participation	Europe	Urban	Tertiary	4	0.10000000000000002	0	1.161120818283116	calibration	0.10000000000000002	0	1.161120818283116	[0.45, 0.35, 0.15, 0.05]	[0.2, 0.6, 0.2, 0.0]	[0.45, 0.35, 0.15, 0.05]
Q199	North America | Urban | Tertiary	Political Interest and Political Participation	North America	Urban	Tertiary	4	0.19999999999999998	0	1.161120818283116	calibration	0.19999999999999998	0	1.161120818283116	[0.45, 0.35, 0.15, 0.05]	[0.2, 0.4, 0.2, 0.2]	[0.45, 0.35, 0.15, 0.05]
Q199	South America | Urban | Lower Secondary	Political Interest and Political Participation	South America	Urban	Lower Secondary	4	0.3	0	1.3451529218673646	calibration	0.3	0	1.3451529218673646	[0.25, 0.35, 0.25, 0.15]	[0.0, 0.4, 0.0, 0.6]	[0.25, 0.35, 0.25, 0.15]
Q2	Africa | Rural | Primary or No Education	Social Values, Norms, Stereotypes	Africa	Rural	Primary or No Education	4	0.10000000000000002	0	1.161120818283116	dev	0.10000000000000002	0	1.161120818283116	[0.45, 0.35, 0.15, 0.05]	[0.4, 0.6, 0.0, 0.0]	[0.45, 0.35, 0.15, 0.05]
Q2	Asia | Urban | Upper to Post Secondary	Social Values, Norms, Stereotypes	Asia	Urban	Upper to Post Secondary	4	0.033333333333333395	1	1.161120818283116	dev	0.033333333333333395	1	1.161120818283116	[0.45, 0.35, 0.15, 0.05]	[0.4, 0.4, 0.2, 0.0]	[0.45, 0.35, 0.15, 0.05]
Q2	Europe | Rural | Lower Secondary	Social Values, Norms, Stereotypes	Europe	Rural	Lower Secondary	4	0.06666666666666667	1	1.161120818283116	dev	0.06666666666666667	1	1.161120818283116	[0.45, 0.35, 0.15, 0.05]	[0.6, 0.2, 0.2, 0.0]	[0.45, 0.35, 0.15, 0.05]
Q2	Europe | Urban | Tertiary	Social Values, Norms, Stereotypes	Europe	Urban	Tertiary	4	0.23333333333333336	0	1.161120818283116	dev	0.23333333333333336	0	1.161120818283116	[0.45, 0.35, 0.15, 0.05]	[0.0, 1.0, 0.0, 0.0]	[0.45, 0.35, 0.15, 0.05]
Q2	North America | Urban | Tertiary	Social Values, Norms, Stereotypes	North America	Urban	Tertiary	4	0.13333333333333333	1	1.161120818283116	dev	0.13333333333333333	1	1.161120818283116	[0.45, 0.35, 0.15, 0.05]	[0.6, 0.4, 0.0, 0.0]	[0.45, 0.35, 0.15, 0.05]
Q2	South America | Urban | Lower Secondary	Social Values, Norms, Stereotypes	South America	Urban	Lower Secondary	4	0.13333333333333333	0	1.161120818283116	dev	0.13333333333333333	0	1.161120818283116	[0.45, 0.35, 0.15, 0.05]	[0.2, 0.6, 0.0, 0.2]	[0.45, 0.35, 0.15, 0.05]
Q200	Africa | Rural | Primary or No Education	Political Interest and Political Participation	Africa	Rural	Primary or No Education	3	0.17500000000000002	1	1.0670938948757507	dev	0.17500000000000002	1	1.0670938948757507	[0.25, 0.45, 0.3]	[0.0, 0.6, 0.4]	[0.25, 0.45, 0.3]
Q200	Asia | Urban | Upper to Post Secondary	Political Interest and Political Participation	Asia	Urban	Upper to Post Secondary	3	0.125	0	1.0486537893593546	dev	0.125	0	1.0486537893593546	[0.45, 0.35, 0.2]	[0.2, 0.6, 0.2]	[0.45, 0.35, 0.2]
Q200	Europe | Rural | Lower Secondary	Political Interest and Political Participation	Europe	Rural	Lower Secondary	3	0.17500000000000004	1	1.0670938948757507	dev	0.17500000000000004	1	1.0670938948757507	[0.25, 0.45, 0.3]	[0.0, 0.8, 0.2]	[0.25, 0.45, 0.3]
Q200	Europe | Urban | Tertiary	Political Interest and Political Participation	Europe	Urban	Tertiary	3	0.15000000000000002	0	0.9745701894462542	dev	0.15000000000000002	0	0.9745701894462542	[0.55, 0.3, 0.15]	[0.4, 0.6, 0.0]	[0.55, 0.3, 0.15]
Q200	North America | Urban | Tertiary	Political Interest and Political Participation	North America	Urban	Tertiary	3	0.30000000000000004	0	0.9745701894462542	dev	0.30000000000000004	0	0.9745701894462542	[0.55, 0.3, 0.15]	[0.2, 0.4, 0.4]	[0.55, 0.3, 0.15]
Q200	South America | Urban | Lower Secondary	Political Interest and Political Participation	South America	Urban	Lower Secondary	3	0.375	0	1.0486537893593546	dev	0.375	0	1.0486537893593546	[0.35, 0.45, 0.2]	[0.0, 0.4, 0.6]	[0.35, 0.45, 0.2]
Q201	Africa | Rural | Primary or No Education	Political Interest and Political Participation	Africa	Rural	Primary or No Education	5	0.325	0	1.4490023958526383	test	0.325	0	1.4490023958526383	[0.05, 0.1, 0.25, 0.3, 0.3]	[0.0, 0.0, 0.0, 0.0, 1.0]	[0.05, 0.1, 0.25, 0.3, 0.3]
Q201	Asia | Urban | Upper to Post Secondary	Political Interest and Political Participation	Asia	Urban	Upper to Post Secondary	5	0.2375	0	1.5841707585125298	test	0.2375	0	1.5841707585125298	[0.15, 0.2, 0.25, 0.25, 0.15]	[0.6, 0.0, 0.0, 0.0, 0.4]	[0.15, 0.2, 0.25, 0.25, 0.15]
Q201	Europe | Rural | Lower Secondary	Political Interest and Political Participation	Europe	Rural	Lower Secondary	5	0.08750000000000001	1	1.5841707585125298	test	0.08750000000000001	1	1.5841707585125298	[0.15, 0.2, 0.25, 0.25, 0.15]	[0.2, 0.2, 0.4, 0.0, 0.2]	[0.15, 0.2, 0.25, 0.25, 0.15]
Q201	Europe | Urban | Tertiary	Political Interest and Political Participation	Europe	Urban	Tertiary	5	0.25	1	1.4702535277519115	test	0.25	1	1.4702535277519115	[0.35, 0.25, 0.2, 0.15, 0.05]	[0.4, 0.0, 0.0, 0.2, 0.4]	[0.35, 0.25, 0.2, 0.15, 0.05]
Q201	North America | Urban | Tertiary	Political Interest and Political Participation	North America	Urban	Tertiary	5	0.11250000000000002	1	1.5841707585125298	test	0.11250000000000002	1	1.5841707585125298	[0.15, 0.2, 0.25, 0.25, 0.15]	[0.2, 0.0, 0.4, 0.0, 0.4]	[0.15, 0.2, 0.25, 0.25, 0.15]
Q201	South America | Urban | Lower Secondary	Political Interest and Political Participation	South America	Urban	Lower Secondary	5	0.1875	0	1.5841707585125298	test	0.1875	0	1.5841707585125298	[0.15, 0.2, 0.25, 0.25, 0.15]	[0.4, 0.2, 0.0, 0.0, 0.4]	[0.15, 0.2, 0.25, 0.25, 0.15]
Q235	Africa | Rural | Primary or No Education	Political Culture and Political Regimes	Africa	Rural	Primary or No Education	4	0.3666666666666667	0	1.2353468116280646	calibration	0.3059994122856246	0	1.1797290357649237	[0.45, 0.3, 0.15, 0.1]	[0.0, 0.2, 0.6, 0.2]	[0.24621904790722177, 0.5229071651159108, 0.13352676290338664, 0.09734702407348067]
Q235	Asia | Urban | Upper to Post Secondary	Political Culture and Political Regimes	Asia	Urban	Upper to Post Secondary	4	0.1333333333333334	0	1.3451529218673648	calibration	0.11766499733313356	1	1.2675380224768582	[0.15, 0.25, 0.35, 0.25]	[0.2, 0.4, 0.0, 0.4]	[0.08457366593344937, 0.41283396181733295, 0.23756865793284987, 0.26502371431636795]
Q235	Europe | Rural | Lower Secondary	Political Culture and Political Regimes	Europe	Rural	Lower Secondary	4	0.3000000000000001	0	1.305461684451695	calibration	0.2542741533814045	0	1.2508683712979467	[0.35000000000000003, 0.30000000000000004, 0.25000000000000006, 0.10000000000000002]	[0.2, 0.2, 0.0, 0.6]	[0.21384001951382345, 0.4850913552650113, 0.15111969107272075, 0.1499489341484445]
Q235	Europe | Urban | Tertiary	Political Culture and Political Regimes	Europe	Urban	Tertiary	4	0.18666666666666668	0	1.1734140905474444	calibration	0.13941442784094107	0	1.19645587778801	[0.08, 0.12, 0.32, 0.48]	[0.0, 0.4, 0.4, 0.2]	[0.046096295167002234, 0.22250268622647765, 0.29065504885721927, 0.4407459697493009]
Q235	North America | Urban | Tertiary	Political Culture and Political Regimes	North America	Urban	Tertiary	4	0.20000000000000004	0	1.1529620681677453	calibration	0.1612722764695508	0	1.1620944361307786	[0.08, 0.12, 0.28, 0.52]	[0.0, 0.4, 0.4, 0.2]	[0.04684579473293081, 0.21645161209232872, 0.2364341516737594, 0.500268441500981]
Q235	South America | Urban | Lower Secondary	Political Culture and Political Regimes	South America	Urban	Lower Secondary	4	0.19999999999999998	0	1.305461684451695	calibration	0.1545605869930208	1	1.2676090881339959	[0.35000000000000003, 0.30000000000000004, 0.25000000000000006, 0.10000000000000002]	[0.2, 0.8, 0.0, 0.0]	[0.2123760896564831, 0.46378461655206327, 0.19637291626032807, 0.1274663775311256]
Q236	Africa | Rural | Primary or No Education	Political Culture and Political Regimes	Africa	Rural	Primary or No Education	4	0.1333333333333334	0	1.3451529218673648	dev	0.13797483315437903	1	1.2582156666652242	[0.15, 0.25, 0.35, 0.25]	[0.2, 0.4, 0.0, 0.4]	[0.07650648136164093, 0.4062011816494756, 0.2904309808247778, 0.22686135616410555]
Q236	Asia | Urban | Upper to Post Secondary	Political Culture and Political Regimes	Asia	Urban	Upper to Post Secondary	4	0.1500000000000001	0	1.3350851650920204	dev	0.11354738302539817	0	1.2346993349227513	[0.35000000000000003, 0.30000000000000004, 0.20000000000000004, 0.15000000000000002]	[0.2, 0.2, 0.4, 0.2]	[0.19983508245211007, 0.5016680655137417, 0.13747093559660117, 0.16102591643754718]
Q236	Europe | Rural | Lower Secondary	Political Culture and Political Regimes	Europe	Rural	Lower Secondary	4	0.1333333333333334	0	1.3451529218673648	dev	0.10359995557184036	1	1.2632084774620091	[0.15, 0.25, 0.35, 0.25]	[0.2, 0.4, 0.0, 0.4]	[0.0846745967507207, 0.3734936531238787, 0.19547446346624173, 0.3463572866591589]
Q236	Europe | Urban | Tertiary	Political Culture and Political Regimes	Europe	Urban	Tertiary	4	0.3	0	1.305461684451695	dev	0.2588031230350651	0	1.1930963439960411	[0.35000000000000003, 0.30000000000000004, 0.25000000000000006, 0.10000000000000002]	[0.0, 0.2, 0.8, 0.0]	[0.18728336990618596, 0.5165714540919603, 0.21087400080099078, 0.08527117520086301]
Q236	North America | Urban | Tertiary	Political Culture and Political Regimes	North America	Urban	Tertiary	4	0.18333333333333332	0	1.3350851650920204	dev	0.21280561220253946	1	1.225240605093841	[0.35000000000000003, 0.30000000000000004, 0.20000000000000004, 0.15000000000000002]	[0.4, 0.6, 0.0, 0.0]	[0.19348279623530076, 0.5108513203009337, 0.1594321340846122, 0.13623374937915314]
Q236	South America | Urban | Lower Secondary	Political Culture and Political Regimes	South America	Urban	Lower Secondary	4	0.30000000000000004	0	1.3451529218673648	dev	0.3222421205888411	0	1.2870497493955595	[0.15, 0.25, 0.35, 0.25]	[0.4, 0.4, 0.2, 0.0]	[0.08497700853192583, 0.36083420280800743, 0.2566742070216845, 0.2975145816383823]
Q237	Africa | Rural | Primary or No Education	Political Culture and Political Regimes	Africa	Rural	Primary or No Education	4	0.05000000000000001	1	1.070047314690476	test	0.031622308391786466	1	1.0896680229195483	[0.05, 0.1, 0.3, 0.55]	[0.0, 0.2, 0.2, 0.6]	[0.027245360657970417, 0.17358682553579172, 0.2659571921298647, 0.5332106216763732]
Q237	Asia | Urban | Upper to Post Secondary	Political Culture and Political Regimes	Asia	Urban	Upper to Post Secondary	4	0.3166666666666667	0	1.070047314690476	test	0.3229705666094957	0	1.037576845958553	[0.05, 0.1, 0.3, 0.55]	[0.2, 0.2, 0.6, 0.0]	[0.028766340037668158, 0.1685024102052769, 0.20778445964795478, 0.5949467901091002]
Q237	Europe | Rural | Lower Secondary	Political Culture and Political Regimes	Europe	Rural	Lower Secondary	4	0.21666666666666667	0	1.070047314690476	test	0.2510994293677729	0	0.9067145286141055	[0.05, 0.1, 0.3, 0.55]	[0.0, 0.6, 0.0, 0.4]	[0.025493080657084635, 0.1349378092987284, 0.15133301264213986, 0.6882360974020472]
Q237	Europe | Urban | Tertiary	Political Culture and Political Regimes	Europe	Urban	Tertiary	4	0.1333333333333334	1	1.033114087516671	test	0.14387543976756897	1	1.0803682698142745	[0.05, 0.1, 0.25, 0.6]	[0.2, 0.0, 0.0, 0.8]	[0.029035622605639876, 0.18686979803495724, 0.22885110062715244, 0.5552434787322503]
Q237	North America | Urban | Tertiary	Political Culture and Political Regimes	North America	Urban	Tertiary	4	0.2333333333333333	0	1.033114087516671	test	0.19921862666026993	0	1.0579766268253668	[0.05, 0.1, 0.25, 0.6]	[0.0, 0.6, 0.0, 0.4]	[0.029337598984389073, 0.18073968378710853, 0.2115271534605841, 0.5783955637679182]
Q237	South America | Urban | Lower Secondary	Political Culture and Political Regimes	South America	Urban	Lower Secondary	4	0.11666666666666668	0	1.070047314690476	test	0.1389861283275027	0	0.992312879886754	[0.05, 0.1, 0.3, 0.55]	[0.0, 0.0, 0.6, 0.4]	[0.027049013074961995, 0.13782846779286714, 0.2100906280924539, 0.625031891039717]
Q3	Africa | Rural | Primary or No Education	Social Values, Norms, Stereotypes	Africa	Rural	Primary or No Education	4	0.10000000000000002	0	1.161120818283116	test	0.10000000000000002	0	1.161120818283116	[0.45, 0.35, 0.15, 0.05]	[0.2, 0.6, 0.2, 0.0]	[0.45, 0.35, 0.15, 0.05]
Q3	Asia | Urban | Upper to Post Secondary	Social Values, Norms, Stereotypes	Asia	Urban	Upper to Post Secondary	4	0.2166666666666667	0	1.248780543356486	test	0.2166666666666667	0	1.248780543356486	[0.15, 0.35, 0.4, 0.1]	[0.4, 0.4, 0.2, 0.0]	[0.15, 0.35, 0.4, 0.1]
Q3	Europe | Rural | Lower Secondary	Social Values, Norms, Stereotypes	Europe	Rural	Lower Secondary	4	0.15000000000000005	1	1.2056282324887189	test	0.15000000000000005	1	1.2056282324887189	[0.35, 0.4, 0.2, 0.05]	[0.2, 0.8, 0.0, 0.0]	[0.35, 0.4, 0.2, 0.05]
Q3	Europe | Urban | Tertiary	Social Values, Norms, Stereotypes	Europe	Urban	Tertiary	4	0.033333333333333395	1	1.161120818283116	test	0.033333333333333395	1	1.161120818283116	[0.45, 0.35, 0.15, 0.05]	[0.4, 0.4, 0.2, 0.0]	[0.45, 0.35, 0.15, 0.05]
Q3	North America | Urban | Tertiary	Social Values, Norms, Stereotypes	North America	Urban	Tertiary	4	0.11666666666666668	1	1.2056282324887189	test	0.11666666666666668	1	1.2056282324887189	[0.35, 0.4, 0.2, 0.05]	[0.4, 0.6, 0.0, 0.0]	[0.35, 0.4, 0.2, 0.05]
Q3	South America | Urban | Lower Secondary	Social Values, Norms, Stereotypes	South America	Urban	Lower Secondary	4	0.09999999999999999	1	1.305461684451695	test	0.09999999999999999	1	1.305461684451695	[0.35000000000000003, 0.30000000000000004, 0.25000000000000006, 0.10000000000000002]	[0.4, 0.4, 0.2, 0.0]	[0.35000000000000003, 0.30000000000000004, 0.25000000000000006, 0.10000000000000002]
Q46	Africa | Rural | Primary or No Education	Happiness and Wellbeing	Africa	Rural	Primary or No Education	4	0.10000000000000002	0	1.161120818283116	calibration	0.10000000000000002	0	1.161120818283116	[0.45, 0.35, 0.15, 0.05]	[0.2, 0.6, 0.2, 0.0]	[0.45, 0.35, 0.15, 0.05]
Q46	Asia | Urban | Upper to Post Secondary	Happiness and Wellbeing	Asia	Urban	Upper to Post Secondary	4	0.16666666666666674	0	1.161120818283116	calibration	0.16666666666666674	0	1.161120818283116	[0.45, 0.35, 0.15, 0.05]	[0.0, 0.8, 0.2, 0.0]	[0.45, 0.35, 0.15, 0.05]
Q46	Europe | Rural | Lower Secondary	Happiness and Wellbeing	Europe	Rural	Lower Secondary	4	0.10000000000000002	0	1.161120818283116	calibration	0.10000000000000002	0	1.161120818283116	[0.45, 0.35, 0.15, 0.05]	[0.2, 0.6, 0.2, 0.0]	[0.45, 0.35, 0.15, 0.05]
Q46	Europe | Urban | Tertiary	Happiness and Wellbeing	Europe	Urban	Tertiary	4	0.16666666666666674	0	1.161120818283116	calibration	0.16666666666666674	0	1.161120818283116	[0.45, 0.35, 0.15, 0.05]	[0.0, 0.8, 0.2, 0.0]	[0.45, 0.35, 0.15, 0.05]
Q46	North America | Urban | Tertiary	Happiness and Wellbeing	North America	Urban	Tertiary	4	0.10000000000000002	0	1.161120818283116	calibration	0.10000000000000002	0	1.161120818283116	[0.45, 0.35, 0.15, 0.05]	[0.2, 0.6, 0.2, 0.0]	[0.45, 0.35, 0.15, 0.05]
Q46	South America | Urban | Lower Secondary	Happiness and Wellbeing	South America	Urban	Lower Secondary	4	0.09000000000000001	1	1.1663867798260135	calibration	0.09000000000000001	1	1.1663867798260135	[0.42000000000000004, 0.38, 0.15, 0.05]	[0.4, 0.2, 0.4, 0.0]	[0.42000000000000004, 0.38, 0.15, 0.05]
Q47	Africa | Rural | Primary or No Education	Happiness and Wellbeing	Africa	Rural	Primary or No Education	5	0.08750000000000005	0	1.5444795210968603	dev	0.08750000000000005	0	1.5444795210968603	[0.15000000000000002, 0.25000000000000006, 0.30000000000000004, 0.20000000000000004, 0.10000000000000002]	[0.0, 0.4, 0.2, 0.4, 0.0]	[0.15000000000000002, 0.25000000000000006, 0.30000000000000004, 0.20000000000000004, 0.10000000000000002]
Q47	Asia | Urban | Upper to Post Secondary	Happiness and Wellbeing	Asia	Urban	Upper to Post Secondary	5	0.09999999999999998	1	1.4305622903362423	dev	0.09999999999999998	1	1.4305622903362423	[0.35000000000000003, 0.30000000000000004, 0.20000000000000004, 0.10000000000000002, 0.05000000000000001]	[0.4, 0.4, 0.2, 0.0, 0.0]	[0.35000000000000003, 0.30000000000000004, 0.20000000000000004, 0.10000000000000002, 0.05000000000000001]
Q47	Europe | Rural | Lower Secondary	Happiness and Wellbeing	Europe	Rural	Lower Secondary	5	0.10000000000000009	0	1.5134058386196787	dev	0.10000000000000009	0	1.5134058386196787	[0.15, 0.25, 0.35, 0.15, 0.1]	[0.2, 0.4, 0.2, 0.2, 0.0]	[0.15, 0.25, 0.35, 0.15, 0.1]
Q47	Europe | Urban | Tertiary	Happiness and Wellbeing	Europe	Urban	Tertiary	5	0.19999999999999993	1	1.4305622903362423	dev	0.19999999999999993	1	1.4305622903362423	[0.35000000000000003, 0.30000000000000004, 0.20000000000000004, 0.10000000000000002, 0.05000000000000001]	[0.6, 0.4, 0.0, 0.0, 0.0]	[0.35000000000000003, 0.30000000000000004, 0.20000000000000004, 0.10000000000000002, 0.05000000000000001]
Q47	North America | Urban | Tertiary	Happiness and Wellbeing	North America	Urban	Tertiary	5	0.07999999999999996	1	1.2668996953709246	dev	0.07999999999999996	1	1.2668996953709246	[0.42000000000000004, 0.33, 0.18, 0.05, 0.02]	[0.6, 0.2, 0.2, 0.0, 0.0]	[0.42000000000000004, 0.33, 0.18, 0.05, 0.02]
Q47	South America | Urban | Lower Secondary	Happiness and Wellbeing	South America	Urban	Lower Secondary	5	0.1875	1	1.4886936332683078	dev	0.1875	1	1.4886936332683078	[0.25, 0.3, 0.25, 0.15, 0.05]	[0.2, 0.8, 0.0, 0.0, 0.0]	[0.25, 0.3, 0.25, 0.15, 0.05]
Q48	Africa | Rural | Primary or No Education	Happiness and Wellbeing	Africa	Rural	Primary or No Education	10	0.36555555555555563	0	2.171089995273169	test	0.36555555555555563	0	2.171089995273169	[0.18, 0.15, 0.14, 0.13, 0.11000000000000001, 0.09, 0.08, 0.06, 0.04, 0.02]	[0.0, 0.0, 0.0, 0.0, 0.2, 0.2, 0.2, 0.0, 0.2, 0.2]	[0.18, 0.15, 0.14, 0.13, 0.11000000000000001, 0.09, 0.08, 0.06, 0.04, 0.02]
Q48	Asia | Urban | Upper to Post Secondary	Happiness and Wellbeing	Asia	Urban	Upper to Post Secondary	10	0.0866666666666667	0	2.1161267301605564	test	0.0866666666666667	0	2.1161267301605564	[0.02, 0.03, 0.05, 0.07, 0.1, 0.13, 0.18, 0.2, 0.15, 0.07]	[0.0, 0.0, 0.0, 0.0, 0.4, 0.0, 0.2, 0.4, 0.0, 0.0]	[0.02, 0.03, 0.05, 0.07, 0.1, 0.13, 0.18, 0.2, 0.15, 0.07]
Q48	Europe | Rural | Lower Secondary	Happiness and Wellbeing	Europe	Rural	Lower Secondary	10	0.3012345679012346	0	2.2056305662386713	test	0.3012345679012346	0	2.2056305662386713	[0.08888888888888884, 0.11111111111111117, 0.13333333333333336, 0.15555555555555556, 0.14444444444444446, 0.12222222222222226, 0.09999999999999994, 0.07777777777777772, 0.04444444444444442, 0.02222222222222221]	[0.0, 0.0, 0.0, 0.0, 0.2, 0.2, 0.0, 0.2, 0.4, 0.0]	[0.08888888888888884, 0.11111111111111117, 0.13333333333333336, 0.15555555555555556, 0.14444444444444446, 0.12222222222222226, 0.09999999999999994, 0.07777777777777772, 0.04444444444444442, 0.02222222222222221]
Q48	Europe | Urban | Tertiary	Happiness and Wellbeing	Europe	Urban	Tertiary	10	0.19666666666666668	0	2.093982939553786	test	0.19666666666666668	0	2.093982939553786	[0.02, 0.03, 0.04, 0.05, 0.08, 0.1, 0.15, 0.2, 0.18, 0.15]	[0.2, 0.0, 0.0, 0.0, 0.2, 0.2, 0.2, 0.2, 0.0, 0.0]	[0.02, 0.03, 0.04, 0.05, 0.08, 0.1, 0.15, 0.2, 0.18, 0.15]
Q48	North America | Urban | Tertiary	Happiness and Wellbeing	North America	Urban	Tertiary	10	0.1611111111111111	0	2.093982939553786	test	0.1611111111111111	0	2.093982939553786	[0.02, 0.03, 0.04, 0.05, 0.08, 0.1, 0.15, 0.2, 0.18, 0.15]	[0.2, 0.0, 0.0, 0.0, 0.0, 0.0, 0.6, 0.2, 0.0, 0.0]	[0.02, 0.03, 0.04, 0.05, 0.08, 0.1, 0.15, 0.2, 0.18, 0.15]
Q48	South America | Urban | Lower Secondary	Happiness and Wellbeing	South America	Urban	Lower Secondary	10	0.2222222222222222	0	2.2156450095916185	test	0.2222222222222222	0	2.2156450095916185	[0.05, 0.06, 0.08, 0.1, 0.13, 0.15, 0.18, 0.12, 0.08, 0.05]	[0.0, 0.0, 0.0, 0.2, 0.2, 0.0, 0.0, 0.0, 0.0, 0.6]	[0.05, 0.06, 0.08, 0.1, 0.13, 0.15, 0.18, 0.12, 0.08, 0.05]
Q57	Africa | Rural | Primary or No Education	Social Capital, Trust and Organizational Membership	Africa	Rural	Primary or No Education	2	0.35	1	0.6474466390346325	calibration	0.35	1	0.6474466390346325	[0.35, 0.65]	[0.0, 1.0]	[0.35, 0.65]
Q57	Asia | Urban | Upper to Post Secondary	Social Capital, Trust and Organizational Membership	Asia	Urban	Upper to Post Secondary	2	0.050000000000000044	1	0.6474466390346325	calibration	0.050000000000000044	1	0.6474466390346325	[0.35, 0.65]	[0.4, 0.6]	[0.35, 0.65]
Q57	Europe | Rural | Lower Secondary	Social Capital, Trust and Organizational Membership	Europe	Rural	Lower Secondary	2	0.050000000000000044	1	0.6474466390346325	calibration	0.050000000000000044	1	0.6474466390346325	[0.35, 0.65]	[0.4, 0.6]	[0.35, 0.65]
Q57	Europe | Urban | Tertiary	Social Capital, Trust and Organizational Membership	Europe	Urban	Tertiary	2	0.050000000000000044	1	0.6881388137135884	calibration	0.050000000000000044	1	0.6881388137135884	[0.45, 0.55]	[0.4, 0.6]	[0.45, 0.55]
Q57	North America | Urban | Tertiary	Social Capital, Trust and Organizational Membership	North America	Urban	Tertiary	2	0.050000000000000044	1	0.6474466390346325	calibration	0.050000000000000044	1	0.6474466390346325	[0.35, 0.65]	[0.4, 0.6]	[0.35, 0.65]
Q57	South America | Urban | Lower Secondary	Social Capital, Trust and Organizational Membership	South America	Urban	Lower Secondary	2	0.15000000000000002	1	0.6474466390346325	calibration	0.15000000000000002	1	0.6474466390346325	[0.35, 0.65]	[0.2, 0.8]	[0.35, 0.65]
Q58	Africa | Rural | Primary or No Education	Social Capital, Trust and Organizational Membership	Africa	Rural	Primary or No Education	4	0.07666666666666679	1	0.8629049827488267	dev	0.07666666666666679	1	0.8629049827488267	[0.7, 0.2, 0.07, 0.03]	[0.8, 0.2, 0.0, 0.0]	[0.7, 0.2, 0.07, 0.03]
Q58	Asia | Urban | Upper to Post Secondary	Social Capital, Trust and Organizational Membership	Asia	Urban	Upper to Post Secondary	4	0.1433333333333334	1	0.8629049827488267	dev	0.1433333333333334	1	0.8629049827488267	[0.7, 0.2, 0.07, 0.03]	[1.0, 0.0, 0.0, 0.0]	[0.7, 0.2, 0.07, 0.03]
Q58	Europe | Rural | Lower Secondary	Social Capital, Trust and Organizational Membership	Europe	Rural	Lower Secondary	4	0.07666666666666679	1	0.8629049827488267	dev	0.07666666666666679	1	0.8629049827488267	[0.7, 0.2, 0.07, 0.03]	[0.8, 0.2, 0.0, 0.0]	[0.7, 0.2, 0.07, 0.03]
Q58	Europe | Urban | Tertiary	Social Capital, Trust and Organizational Membership	Europe	Urban	Tertiary	4	0.1433333333333334	1	0.8629049827488267	dev	0.1433333333333334	1	0.8629049827488267	[0.7, 0.2, 0.07, 0.03]	[1.0, 0.0, 0.0, 0.0]	[0.7, 0.2, 0.07, 0.03]
Q58	North America | Urban | Tertiary	Social Capital, Trust and Organizational Membership	North America	Urban	Tertiary	4	0.1433333333333334	1	0.8629049827488267	dev	0.1433333333333334	1	0.8629049827488267	[0.7, 0.2, 0.07, 0.03]	[1.0, 0.0, 0.0, 0.0]	[0.7, 0.2, 0.07, 0.03]
Q58	South America | Urban | Lower Secondary	Social Capital, Trust and Organizational Membership	South America	Urban	Lower Secondary	4	0.060000000000000005	1	0.9179274252449618	dev	0.060000000000000005	1	0.9179274252449618	[0.65, 0.25, 0.07, 0.03]	[0.6, 0.4, 0.0, 0.0]	[0.65, 0.25, 0.07, 0.03]
Q59	Africa | Rural | Primary or No Education	Social Capital, Trust and Organizational Membership	Africa	Rural	Primary or No Education	4	0.10000000000000002	0	1.161120818283116	test	0.10000000000000002	0	1.161120818283116	[0.45, 0.35, 0.15, 0.05]	[0.2, 0.6, 0.2, 0.0]	[0.45, 0.35, 0.15, 0.05]
Q59	Asia | Urban | Upper to Post Secondary	Social Capital, Trust and Organizational Membership	Asia	Urban	Upper to Post Secondary	4	0.08333333333333331	1	1.2056282324887189	test	0.08333333333333331	1	1.2056282324887189	[0.35, 0.4, 0.2, 0.05]	[0.2, 0.6, 0.2, 0.0]	[0.35, 0.4, 0.2, 0.05]
Q59	Europe | Rural | Lower Secondary	Social Capital, Trust and Organizational Membership	Europe	Rural	Lower Secondary	4	0.15000000000000005	1	1.2056282324887189	test	0.15000000000000005	1	1.2056282324887189	[0.35, 0.4, 0.2, 0.05]	[0.2, 0.8, 0.0, 0.0]	[0.35, 0.4, 0.2, 0.05]
Q59	Europe | Urban | Tertiary	Social Capital, Trust and Organizational Membership	Europe	Urban	Tertiary	4	0.15000000000000005	1	1.2056282324887189	test	0.15000000000000005	1	1.2056282324887189	[0.35, 0.4, 0.2, 0.05]	[0.0, 0.8, 0.2, 0.0]	[0.35, 0.4, 0.2, 0.05]
Q59	North America | Urban | Tertiary	Social Capital, Trust and Organizational Membership	North America	Urban	Tertiary	4	0.18333333333333335	1	1.2056282324887189	test	0.18333333333333335	1	1.2056282324887189	[0.35, 0.4, 0.2, 0.05]	[0.0, 0.6, 0.4, 0.0]	[0.35, 0.4, 0.2, 0.05]
Q59	South America | Urban | Lower Secondary	Social Capital, Trust and Organizational Membership	South America	Urban	Lower Secondary	4	0.2833333333333334	0	1.2056282324887189	test	0.2833333333333334	0	1.2056282324887189	[0.35, 0.4, 0.2, 0.05]	[0.2, 0.0, 0.6, 0.2]	[0.35, 0.4, 0.2, 0.05]
